Store Name,Address,Timing,Coordinates,Phone Number
 V-Mart ," No D 3, Block 1, Central Market 2, Lajpat Nagar, South East Delhi, Delhi, 110024",10:00 AM to 10:00 PM,"28.568548,77.242454",08448982285
 V-Mart ," Shop No 610 And 611, Ravi Das Marg, Main Bazar Road, Guru Ram Das Nagar, Laxmi Nagar, New Delhi, Delhi, 110092",10:00 AM to 10:00 PM,"28.6365793,77.2790923",09313699995
 V-Mart ," C 7, Jyoti Nagar West, North Chajjupur, Block A, Shahdara, New Delhi, Delhi, 110032",10:00 AM to 10:00 PM,"28.689468,77.2880388",09310965120
 V-Mart ," No E/561/A & E/561B, Palam Extension, Dwarka, New Delhi, Delhi, 110075",10:00 AM to 10:00 PM,"28.583891,77.071784",07042989955
 V-Mart ," Virendar Nagar, Block B, Sant Nagar, 100 feet Road, near Axis Bank, Burari, North Delhi, Delhi, 110084",10:00 AM to 10:00 PM,"28.7427944,77.1980152",09289551045
 V-Mart ," Raghuveer Complex, Main Dadri Road, Bhangel, Noida, Gautam Buddha Nagar, Uttar Pradesh, 201304",10:00 AM to 10:00 PM,"28.53891,77.38914",08467922637
 V-Mart ," Main Road, Gandhi Nagar, Near Snapdeal, Nehru Nagar, Ghaziabad, Uttar Pradesh, 201001",11:00 AM to 10:00 PM,"28.656525,77.436216",09289792511
 V-Mart ," Ground Floor, Kali Mandir, Opposite Old Nit Bus Stand, New Industrial Town, Faridabad, Haryana, 121001",10:00 AM to 10:00 PM,"28.3839105,77.2888889",09289447776
 V-Mart ," Plot No 63, Block A, Pana Udyan, Narela, North West Delhi, Delhi, 110040",10:00 AM to 10:00 PM,"28.852096,77.088581",07428495287
 V-Mart ," Mangla Tower, Main Badshahpur Sohna Road, Sector 66, Near Mamta Sweets, Badshahpur, Gurugram, Haryana, 122101",10:00 AM to 10:00 PM,"28.390745,77.049525",09810891205
 V-Mart ," Bhatia Complex, Agra Chowk, Moti Colony, Palwal, Faridabad, Haryana, 121102",11:00 AM to 10:00 PM,"28.136079,77.329172",09667738051
 V-Mart ," Satyam Palace 552, Budhana Gate, Nigar Cinema Road, Jattiwara, Meerut, Uttar Pradesh, 250002",10:00 AM to 10:00 PM,"28.9814074,77.7000097",09368356534
 V-Mart ," Khasra No, 6051, Garh Road, Opposite Tanishq Showroom, Tejgarhi, Meerut, Uttar Pradesh, 250002",10:00 AM to 10:00 PM,"28.9664249,77.7319766",09319697765
 V-Mart ," House No 15, GT Rd, South Civil Lines, Muzaffarnagar, Uttar Pradesh, 251002",10:00 AM to 10:00 PM,"29.47054961,77.69670381",09368019700
 V-Mart ," House No 15, Gt Road, South Civil Lines, Muzaffarnagar, Uttar Pradesh, 251002",10:00 AM to 10:00 PM,"29.4705398,77.6967287",09368019700
 V-Mart ," Narendra Banquet Hall, Ramghat Road, Shyam Nagar, Aligarh, Uttar Pradesh, 202001",10:00 AM to 10:00 PM,"27.8898629,78.0817169",09359758123
 V-Mart ," Shop No I/4/145, Gt Road, Vaishnodham, Near Etah Chungi, Kunwar Nagar, Aligarh, Uttar Pradesh, 202002",10:00 AM to 10:00 PM,"27.8736699,78.0993629",08448858304
 V-Mart ," Kot Chauraha, Danishmandan, Amroha, Jyotiba Phule Nagar, Uttar Pradesh, 244221",10:00 AM to 10:00 PM,"28.9007261,78.4698382",08287830228
 V-Mart ," Sn Tower, Krishna Vihar Road, Professor Colony, Mathura, Uttar Pradesh, 281001",10:00 AM to 10:00 PM,"27.493156,77.66852",09368894723
 V-Mart ," Shop No 141, Shri Mukesh Ji Mall, Sikatra Walagroup, Nayaganj, Hathras, Uttar Pradesh, 204101",10:00 AM to 10:00 PM,"27.592931,78.053467",09358233270
 V-Mart ," City Tower, Nh 58, Opposite Roadways Bus Stand, Manglaur, Roorkee, Uttarakhand, 247656",10:00 AM to 10:00 PM,"29.7941454,77.8742929",08448599931
 V-Mart ," Plot No. 2, Shivaji Colony, Delhi Road, Near South City, Police Line, Saharanpur, Uttar Pradesh, 247001",10:00 AM to 10:00 PM,"29.941583,77.542028",09319697764
 V-Mart ," Plot No 864, Bahjoi Road, Sambhal, Near SS International School, Vikas Nagar, Moradabad, Uttar Pradesh, 202412",10:00 AM to 10:00 PM,"28.4608843,78.7698985",08448855637
 V-Mart ," Uttam Hotel, Ambala Road, Subhash Nagar, Saharanpur, Uttar Pradesh, 247001",10:00 AM to 10:00 PM,"29.9647332,77.5452831",09319493020
 V-Mart ," Ward No 18, Part 2, Ramnagar, Ramnagar, Roorkee, Uttarakhand, 247667",11:00 AM to 10:00 PM,"29.87255281,77.8763536",09599805700
 V-Mart ," Reti Street, Chowmukha Pul, Purani Kotwali, Civil Lines, Moradabad, Uttar Pradesh, 244001",10:00 AM to 10:00 PM,"28.8386472,78.7733288",09358846761
 V-Mart ," Reti Street, Chowmukha Pul, Purani Kotwali, Civil Lines, Moradabad, Uttar Pradesh, 244001",10:00 AM to 10:00 PM,"28.8386481,78.7733287",09358846761
 V-Mart ," Reti Street, Chowmukha Pul, Purani Kotwali, Civil Lines, Moradabad, Uttar Pradesh, 244001",10:00 AM to 10:00 PM,"28.8386481,78.7733287",09358846761
 V-Mart ," Plot No R/104, Sankalp Complex, Phase 3, Bhel, Phase 3, Bhel, Shivalik Nagar, Haridwar, Uttarakhand, 249403",11:00 AM to 10:00 PM,"29.933744,78.0766888",09667759868
 V-Mart ," 400, Awas Vikas, Ranipur Mode Bypass Road, Prem Nagar, Haridwar, Uttarakhand, 249407",10:00 AM to 10:00 PM,"29.9346176,78.1343112",07520401086
 V-Mart ," 400, Awas Vikas, Ranipur Mode, Haridwar, Uttarakhand, 249407",10:00 AM to 10:00 PM,"29.9346336,78.13431225",07520401086
 V-Mart ," Fdra Plaza, Malipur Road, Shahzad Pur, Akbarpur, Ambedkar Nagar, Uttar Pradesh, 224122",10:00 AM to 10:00 PM,"28.9832763,78.9331454",09336330986
 V-Mart ," C 1/13, Gemini Plaza, Sector No 13, Near HDFC Bank, Sikandra Yojna, Agra, Uttar Pradesh, 282007",10:00 AM to 10:00 PM,"27.2043993,77.9546203",07428389500
 V-Mart ," Plot No 775, Block E, Pani Tanki Road, Kamla Nagar, Kamla Nagar, Agra, Uttar Pradesh, 282005",10:00 AM to 10:00 PM,"27.2145802,78.0216571",09358980471
 V-Mart ," No 3/67, Rui Ki Mandi Market, Shahganj, Agra, Uttar Pradesh, 282001",10:00 AM to 10:00 PM,"27.1757195,77.9887907",07290048105
 V-Mart ," Ground Floor, Shaukat Ali Road, Opposite Shiv Cinema, Civil Lines, Rampur, Uttar Pradesh, 244901",10:00 AM to 10:00 PM,"28.7898413,79.0213417",09773989145
 V-Mart ," Devi Road, Sitabpur Patti, Sukharo, Pauri Garhwal, Sukharo, Kotdwar, Uttarakhand, 246149",11:00 AM to 10:00 PM,"29.743323,78.51104589",08130918811
 V-Mart ," Khasra No 52, Mc No 58/293C, Vip Road, Saraikhwaja, Agra, Uttar Pradesh, 282001",10:00 AM to 10:00 PM,"27.162393,77.985875",07428661176
 V-Mart ," Plot No 157, Shashmabad Road, Rajpura, Tajganj, Agra, Uttar Pradesh, 282003",10:00 AM to 10:00 PM,"27.1539534,78.0343772",09319255722
 V-Mart ," Priya Mall, Railway Crossing, Bajpur Road, Near Maharana Pratap Chowk, Kashipur, Udham Singh Nagar, Uttarakhand, 244713",10:00 AM to 10:00 PM,"29.211397,78.961885",09358855677
 V-Mart ," Vijay Nagar, GT Road, Opposite Medical Collage, Babuganj, Etah, Uttar Pradesh, 272207",11:00 AM to 10:00 PM,"27.557718,78.66046",09599298108
 V-Mart ," Ground Floor, Rishikesh Haridwar Road, Opposite Icici Bank, Mayakund, Rishikesh, Uttarakhand, 249201",10:00 AM to 10:00 PM,"30.108024,78.300875",09821189475
 V-Mart ," Lakshmi Bldg Jogipura, Jogipura, Budaun, Uttar Pradesh, 243601",10:00 AM to 10:00 PM,"28.03328413,79.12763184",07520914322
 V-Mart ," Lakshmi Building, Gandhi Ground Road, Jogipura, Budaun, Uttar Pradesh, 243601",10:00 AM to 10:00 PM,"28.0332759,79.1276356",07520914322
 V-Mart ," Shop No 16/Da, Sn Road, Near Yes Bank, Nai Basti, Firozabad, Uttar Pradesh, 283203",10:00 AM to 10:00 PM,"27.1515617,78.3886578",09359081611
 V-Mart ," 2526 A/2637, Blk 2, Jagadhari Gate, Patel Road, Jogiwara, Old Town, Ambala, Haryana, 134003",10:00 AM to 10:00 PM,"30.3842684,76.773335",09354668787
 V-Mart ," Walia Compound, Saharanpur Road, Majra, Near Royal Enfield Showroom, Niranjanpur, Dehradun, Uttarakhand, 248001",10:00 AM to 10:00 PM,"30.3049837,78.0127213",08448382153
 V-Mart ," Dehradun Haridwar Road, Ajabpur Kalan, Near Vidhan Sabha Chowk, Dharampur, Dehradun, Uttarakhand, 248001",11:00 AM to 10:00 PM,"30.29398075,78.05835493",09599806006
 V-Mart ," No 03/02, Chakarta Road, Kishan Nagar Chowk, Chakrata, Dehradun, Uttarakhand, 248001",10:00 AM to 10:00 PM,"30.329948,78.029991",09368214722
 V-Mart ," Shop No 03/02, Chakarta Road, Kishan Nagar Chowk, Kishan Nagar Chowk, Dehradun, Uttarakhand, 248001",10:00 AM to 10:00 PM,"30.33348323,78.02556904",09368214722
 V-Mart ," Ground Floor, Raipur Road, Near Servey Chowk, Dalanwala, Dehradun, Uttarakhand, 248001",10:00 AM to 10:00 PM,"30.324251,78.057111",08448982288
 V-Mart ," Main Road, Purani Bazar, Rasoolpur, Adjacent Smile Store, Vikasnagar, Dehradun, Uttarakhand, 248198",11:00 AM to 10:00 PM,"30.4743345,77.781702",09810847660
 V-Mart ," 16/2, Divine Tower, Civil Lines, Kichha, Udham Singh Nagar, Uttarakhand, 263153",10:00 AM to 10:00 PM,"28.9812848,79.3987042",09359865304
 V-Mart ," Kapil Hosiery, Macinor Road, Opposite Gala Agency, Brahampura, Bareilly, Uttar Pradesh, 243005",10:00 AM to 10:00 PM,"28.3736924,79.4222491",09667300354
 V-Mart ," Jk Hotel, Shayamat Ganj, College Road, Near Vikas Bhawan, Rampur Garden, Bareilly, Uttar Pradesh, 243001",10:00 AM to 10:00 PM,"28.3377618,79.4195354",09358886200
 V-Mart ," Sco. No Bus Stand 3 & 4, Sector 19, Zirakpur, Punjab, 140603",10:00 AM to 10:00 PM,"30.6606763,76.8244899",07428389505
 V-Mart ," Plot No 51, Amer Road, Chaukadi, Near Kacha Bandha, Subhash Chowk, Jaipur, Rajasthan, 302002",10:00 AM to 10:00 PM,"26.929489,75.8320812",07290026402
 V-Mart ," Kedia Palace Road, Murlipura, Theme Colony, Jaipur, Rajasthan, 302039",11:00 AM to 10:00 PM,"26.970102,75.765961",09810848981
 V-Mart ," Shop No 345/1, Fashion Street, Raja Park, Jawahar Nagar, Jaipur, Rajasthan, 302004",10:00 AM to 10:00 PM,"26.8957823,75.8269077",07428399967
 V-Mart ," Kaladhungi Road, Heera Nagar, Haldwani, Nainital, Uttarakhand, 263139",10:00 AM to 10:00 PM,"29.2174651,79.5207781",09368165995
 V-Mart ," Plot No 1 And 2, Kanta Chauraha, Kalawar Road, Kalyan Kunj Colony, Kalawar Road, Jhotwara, Jaipur, Rajasthan, 302012",10:00 AM to 10:00 PM,"26.945385,75.739721",07428389506
 V-Mart ," Sco 44, Chandigarh Panchkula Road, Manimajra, Sector 13, Chandigarh, Chandigarh, 160101",10:00 AM to 10:00 PM,"30.7101368,76.8393662",09356347954
 V-Mart ," Station Road, Adjacent Purshotum Collection, Jeevalal Colony, Mainpuri, Uttar Pradesh, 205001",10:00 AM to 10:00 PM,"27.226951,79.0338691",07303585365
 V-Mart ," Plot No 21, Barkat Nagar, Tonk Fatak, Jaipur, Rajasthan, 302015",10:00 AM to 10:00 PM,"26.8782336,75.7939452",08130403831
 V-Mart ," Plot No 95, Mangal Nagar Yojna, Sirsi Road, Kanakpura, Jaipur, Rajasthan, 302015",10:00 AM to 10:00 PM,"26.92311,75.719729",07303182345
 V-Mart ," Plot No 9, Vishwa Nagar, New Sanganer Road, Sodala, Jaipur, Rajasthan, 302019",10:00 AM to 10:00 PM,"26.88571,75.768012",09311775492
 V-Mart ," No 10/167, Chitrakoot Marg, In Front Of Sector 9 Gate No 2, Sanjay Nagar, Jaipur, Rajasthan, 302021",10:00 AM to 10:00 PM,"26.899919,75.738951",07428787733
 V-Mart ," Agarwal Farm, Vijay Path, Mansarovar, Jaipur, Rajasthan, 302020",11:00 AM to 10:00 PM,"26.84806323,75.77046624",09289662262
 V-Mart ," Plot No 111/14, Kumbha Marg, Sector 11, Pratap Nagar, Jaipur, Rajasthan, 302011",10:00 AM to 10:00 PM,"26.8017495,75.8215715",08800837840
 V-Mart ," New Sanganer Road, Dada Gurudev Nagar, Adjoining Chordia Petrol Pump, Kamla Nagar, Jaipur, Rajasthan, 302029",10:00 AM to 10:00 PM,"26.8188937,75.7816784",09319255766
 V-Mart ," Godavari Complex Chawla Chauraha, Station Road, Desh Nager, Pilibhit, Uttar Pradesh, 262001",10:00 AM to 10:00 PM,"28.6279332,79.80418",08467922644
 V-Mart ," Mohalla Ahayaspur, Near Eidgah Chauraha, Bisalpur, Pilibhit, Uttar Pradesh, 262201",10:00 AM to 10:00 PM,"28.2859851,79.799661",08130038079
 V-Mart ," Iti Chauraha, Thandi Sadak, Shyam Nagar, Farrukhabad, Uttar Pradesh, 209625",10:00 AM to 10:00 PM,"27.3795924,79.585212",09389322279
 V-Mart ," Pn 1280, Swaroop Nagar, Chogurjee Nagar, Etawah, Uttar Pradesh, 206001",10:00 AM to 10:00 PM,"26.7835812,79.0241804",09311549688
 V-Mart ," Mohalla Khirni Bagh, Bahadur Ganj Road, Sadar Bazar, Sadar Bazaar, Shahjahanpur, Uttar Pradesh, 242001",10:00 AM to 10:00 PM,"27.8858698,79.9147557",09359963364
 V Mart ," Kachcha Katra Road, Near Kotwali, Aligai, Shahjahanpur, Uttar Pradesh, 242001",10:00 AM to 10:00 PM,"27.868745,79.910895",09818328316
 V-Mart ," Plot No 562, Ward No 2, Shabd Pratap Ashram Road, Gd Palace, Surya Nagar, Gird, Gwalior, Madhya Pradesh, 474008",10:00 AM to 10:00 PM,"26.2153156,78.16229",07303585368
 V-Mart ," Chitra Talkies, Nai Sadak, Opposite Filmistan Tilkis, Gird, Gwalior, Madhya Pradesh, 474009",10:00 AM to 10:00 PM,"26.2054155,78.1517824",07428199090
 V-Mart ," Plot No 184, Ek Roxy Bridge, Roxy Pul, Idgah, Lashkar, Gwalior, Madhya Pradesh, 474001",10:00 AM to 10:00 PM,"26.1952052,78.1513555",07303585367
 V-Mart ," Ganeshganj, Main Kotwali Road, Puranpur, Pilibhit, Uttar Pradesh, 262122",10:00 AM to 10:00 PM,"28.5106063,80.1452862",09667738716
 V-Mart ," Alanpur Link Road, Near Old Honda Showroom, Jeenapur, Sawai Madhopur, Rajasthan, 322001",10:00 AM to 10:00 PM,"26.008907,76.358488",09599806900
 V-Mart ," Makrand Nagar Road, Yusufpur Bhagwan, Near Axis Bank, Makrand Nagar, Kannauj, Uttar Pradesh, 209726",10:00 AM to 10:00 PM,"27.047288,79.910076",08448528657
 V-Mart ," Kanpur Road, Opposite Punjab National Bank, Brahm Nagar, Auraiya, Uttar Pradesh, 206122",10:00 AM to 10:00 PM,"26.457714,79.514776",09821189492
 V-Mart ," N Shanti Tower, Nakoder Road, Shastri Nagar, Civil Lines, Jalandhar, Punjab, 144001",10:00 AM to 10:00 PM,"31.324611,75.575051",09356244279
 V-Mart ," 544, 07, Laxmi Chowk, Dargah Bazar, Naya Bazar, Ajmer, Rajasthan, 305001",10:00 AM to 10:00 PM,"26.4605904,74.6297738",09352868890
 V-Mart ," Br Tower, Ab Road, Bank Colony, Shivpuri, Madhya Pradesh, 473551",10:00 AM to 10:00 PM,"25.4247071,77.657974",09300392950
 V-Mart ," City Centre Complex, Police Line, Bahadur Nagar, Lakhimpur, Kheri, Uttar Pradesh, 262701",10:00 AM to 10:00 PM,"27.9491004,80.7822942",09336091526
 V-Mart ," Rc Towers Eye Hospital Rd, Prem Nagar, Sitapur, Uttar Pradesh, 261001",10:00 AM to 10:00 PM,"27.5643688,80.676184",09389760960
 V-Mart ," Babina Heights, Patel Nagar, Orai, Uttar Pradesh, 285001",10:00 AM to 10:00 PM,"25.9908156,79.4349615",08467922667
 V-Mart ," No 301, Ashaf Tola, Opposite PWD Inspection House, Sandila, Hardoi, Uttar Pradesh, 241204",10:00 AM to 10:00 PM,"27.0617846,80.5101772",08800837230
 V-Mart ," Plot No 372/18, Block D, Gwalior Road, Civil Lines, Jhansi, Uttar Pradesh, 284002",10:00 AM to 10:00 PM,"25.463039,78.578418",09336091586
 V-Mart ," Kile Ki Dhal, Gandhi Chowk, Chak Ghishiyader, Nagaur, Rajasthan, 341001",10:00 AM to 10:00 PM,"27.285318,73.688762",09352308124
 V-Mart ," Shop No 1/20, Ambedakar Puram, Kalyanpur, Kanpur Nagar, Uttar Pradesh, 208017",10:00 AM to 10:00 PM,"26.4889411,80.2548641",07428495286
 V-Mart ," Rawatpur Main Road, Kakadeo, Adjacent Rave Moti Mall, Naveen Nagar, Kanpur Nagar, Uttar Pradesh, 208025",11:00 AM to 10:00 PM,"26.480971,80.2977933",08130938833
 V-Mart ," Building No 180 And 181 Vivek Nagar, Sidhauli, Sitapur, Uttar Pradesh, 261303",10:00 AM to 10:00 PM,"27.2814249,80.8375595",07379566600
 V-Mart ," 118/79, Gumti, No 5, Kaushalpuri, Darshan Purwa, Shastri Nagar, Kanpur, Uttar Pradesh, 208012",10:00 AM to 10:00 PM,"26.4683532,80.3158237",09305045172
 V-Mart ," Plot No 104, 439A, P Road, Rambagh Chauraha, Ram Bagh, Rambagh, Kanpur, Uttar Pradesh, 208004",10:00 AM to 10:00 PM,"26.4725142,80.3301408",08448855749
 V-Mart ," No 1 49 W 1, 127/49, W 1, Gaushala Road, Saket Nagar, Juhi Kalan, Juhi, Kanpur, Uttar Pradesh, 208014",10:00 AM to 10:00 PM,"26.441014,80.309507",09336893586
 V-Mart ," Plot No 44A/1, Karrahi Road, Near Maya Market, Barra, Kanpur Nagar, Uttar Pradesh, 208027",10:00 AM to 10:00 PM,"26.425354,80.304121",09311388651
 V-Mart ," 43A/3, Lovekush Vihar, Hamirpur Road, Naubasta, Naubasta, Kanpur Nagar, Uttar Pradesh, 208021",10:00 AM to 10:00 PM,"26.409792,80.317153",09205364279
 V-Mart ," Shop No 6/392, Rahul Bhawan, Rajdhani Marg, Sarvodaya Nagar, Shuklaganj, Unnao, Uttar Pradesh, 209861",10:00 AM to 10:00 PM,"26.4853838,80.3919781",08448085172
 V-Mart ," No 128/105/B, Raman Bihari Bhawan, Yashoda Nagar, Yashoda Nagar, Kanpur, Uttar Pradesh, 208011",10:00 AM to 10:00 PM,"26.410799,80.330228",07303134964
 V-Mart ," Palampur City Mall, Main Market Road, Near HDFC Bank, Palampur, Kangra, Himachal Pradesh, 176052",10:00 AM to 10:00 PM,"32.1052151,76.5339596",07303200879
 V-Mart ," Plot No 291, Shahganj Sadar Bazaar, Ab Nagar, Unnao, Uttar Pradesh, 209801",10:00 AM to 10:00 PM,"26.5416112,80.4817349",08800837092
 V-Mart ," Kota Road, Infront of Government Senior Secondary School, Bara Pancharole, Baran, Rajasthan, 325205",11:00 AM to 10:00 PM,"25.099224,76.504117",09289551044
 V-Mart ," Chandel Market, Harjindar Nagar Chouraha, Lal Bangla, Harjinder Nagar, Kanpur Nagar, Uttar Pradesh, 208007",10:00 AM to 10:00 PM,"26.416747,80.3917865",07303182526
 V-Mart ," Main Road, Opposite Bus Stand, Adarsh Colony, Kangra, Himachal Pradesh, 176001",10:00 AM to 10:00 PM,"32.1139666,76.279339",07303184440
 V-Mart ," Kcp 1, Rajat Platina, Maharana Pratap Circle, Kunadi, Kota, Rajasthan, 324008",10:00 AM to 10:00 PM,"25.198454,75.840616",07303627002
 V-Mart ," Kcp 1, Rajat Platina, Maharana Pratap Circle, Kunadi, Kota, Rajasthan, 324008",10:00 AM to 10:00 PM,"25.198454,75.840616",07303627002
 V-Mart ," Khasra No 27, Sitapur Road, Opposite Bakshi Ka Talab Railway Station, Bakshi Ka Talab, Lucknow, Uttar Pradesh, 226201",10:00 AM to 10:00 PM,"26.989236,80.9204145",07428389508
 V-Mart ," Plot No 5, Dubagga Chauraha, Sitapur Bypass, Hardoi Road, Opposite Chandaiya Eid Gaah, Aman Colony, Lucknow, Uttar Pradesh, 226101",10:00 AM to 09:30 PM,"26.876641,80.854282",07303527326
 V-Mart ," 1 Ch 19, Shopping Complex, Basant Vihar, Dadabari, Kota, Rajasthan, 324009",10:00 AM to 10:00 PM,"25.1551677,75.827248",09309048423
 V-Mart ," House No 3A1, Rangbari Road, Talwandi, Kota, Rajasthan, 324005",10:00 AM to 10:00 PM,"25.1421323,75.8381878",07303585366
 V-Mart ," Ground Floor, Mohan Road, Near Budheshwar Temple, Budheshwar Chauraha, Lucknow, Uttar Pradesh, 226003",10:00 AM to 10:00 PM,"26.8408418,80.8546051",07428495289
 V-Mart ," E 2169, Old Taxi Stand, Rajajipuram, Lucknow, Uttar Pradesh, 226017",10:00 AM to 10:00 PM,"26.8408935,80.8765482",08448491987
 V-Mart ," 439 C/193 N Tehsim Ganj Chowk, Thakurganj, Lucknow, Uttar Pradesh, 226003",10:00 AM to 10:00 PM,"26.8712852,80.8991997",07289005834
 V-Mart ," Shop No Cd/7, 98, Dalali Mohalla Chowk, Sabzi Mandi, Opposite Avadh Public School, Saadatganj, Lucknow, Uttar Pradesh, 226003",10:00 AM to 10:00 PM,"26.868346,80.901683",09335640068
 V-Mart ," Ground Floor, Near Tikait Rai Talab, Rajajipuram, Mohaan Road, Opposite Power House, Rajajipuram, Lucknow, Uttar Pradesh, 226003",10:00 AM to 10:00 PM,"26.84753,80.889773",07303630065
 V-Mart ," Sitapur Road, Purani Khadra Chungi, Iradat Nagar, Khadra, Lucknow, Uttar Pradesh, 226020",10:00 AM to 10:00 PM,"26.8762192,80.9172074",07042700201
 V-Mart ," Sitapur Road Tadikhana, Palki, Near Highway Hospital, Aliganj, Lucknow, Uttar Pradesh, 226021",10:00 AM to 10:00 PM,"26.9048544,80.9387619",08448480731
 V-Mart ," No 158/111, Ganga Prasad Road, Wazirganj, Lucknow, Uttar Pradesh, 226018",10:00 AM to 10:00 PM,"26.850902,80.919201",07042614111
 V-Mart ," Tedhipulia, Khursi Road, Shyam Plaza House, Adil Nagar, Lucknow, Uttar Pradesh, 226021",11:00 AM to 10:00 PM,"26.90931577,80.95733038",09599806900
 V-Mart ," Plot No 19/385, Ward, No 17, Stadium Road, Maherpuri, Hamirpur, Uttar Pradesh, 210301",10:00 AM to 10:00 PM,"25.9540342,80.152859",08448085183
 V-Mart ," Vidya Plaza, Pn 6 18, Kanpur Road, Krishna Nagar, Lda Colony, Lucknow, Uttar Pradesh, 226023",10:00 AM to 10:00 PM,"26.7972236,80.8930619",08448480725
 V-Mart ," Lekh Raj Panna Shopping Complex, Lohia Nagar Marg, Sector 2, Vikas Nagar, Lucknow, Uttar Pradesh, 226022",10:00 AM to 10:00 PM,"26.8968865,80.9578584",09369660960
 V-Mart ," 11 Baradari Road, Qaisarbagh Chauraha, Opposite Anand Cinema, Qaisarbagh, Lucknow, Uttar Pradesh, 226001",10:00 AM to 10:00 PM,"26.850082,80.93138",07303630054
 V-Mart ," Plot No 11, St Road, Near Hotel Golden Tulip, Hussainganj, Lucknow, Uttar Pradesh, 226001",10:00 AM to 10:00 PM,"26.8388378,80.9346842",09305993919
 V-Mart ," Plot No 28 And 29, Khasra No 297, Ward Sankar Purav, Khurram Nagar, Lucknow, Uttar Pradesh, 226012",10:00 AM to 10:00 PM,"26.892126,80.974047",09667790293
 V-Mart ," Shop No 23 And 42, Ground Floor, Harshita Complex, Block B, Faizabad Road, Shakti Nagar, Lucknow, Uttar Pradesh, 226001",10:00 AM to 10:00 PM,"26.8705645,80.9698454",09369080360
 V-Mart ," Sh 25, Agm Place Tibiri, Road, Near Hanuman Chowk, Sadar Bazar, Gurdaspur, Punjab, 143521",10:00 AM to 10:00 PM,"32.037512,75.405854",09317563913
 V-Mart ," Shop No 587/78, Lucknow-Allahabad Road, Opposite Ram Bharose School, Telibagh, Lucknow, Uttar Pradesh, 226029",10:00 AM to 10:00 PM,"26.782596,80.941977",09773989144
 V-Mart ," Krishna Vihar Colony Faizabad Road, National Highway 27, Opposite Bp Bora Indian Oil Petrol Pump, Chinhat, Lucknow, Uttar Pradesh, 227105",11:00 AM to 10:00 PM,"26.8771339,81.0312851",08448182011
 V-Mart ," Khasra No. 1063 & 1064 Sarsawa, Arjunganj, Lucknow, Uttar Pradesh, 226001",10:00 AM to 10:00 PM,"26.8063612,80.9924562",07428295300
 V-Mart ," Hb 336, Mission Dalhousie Link Road, Pathankot, Gurdaspur, Punjab, 145001",10:00 AM to 10:00 PM,"32.2751051,75.657034",09356785269
 V-Mart ," Sukhdev Plaza, Faizabad Road, Opposite Kd Singh Babu Stadium, Nawabganj, Barabanki, Uttar Pradesh, 225001",10:00 AM to 10:00 PM,"26.9274421,81.2028513",09335363371
 V-Mart ," Ground Floor, College Road, Down Town, Kathua, Jammu and Kashmir, 184101",10:00 AM to 10:00 PM,"32.3733605,75.5226799",07838128189
 V-Mart ," Main Bazaar Road, Korihal Sudan Kehda, Lalganj, Raebareli, Uttar Pradesh, 229206",10:00 AM to 10:00 PM,"26.1650564,80.9705292",09319697765
 V-Mart ," 807 A, Narain Tower, Kutchery Road, Civil Lines, Fatehpur, Uttar Pradesh, 212601",10:00 AM to 10:00 PM,"25.9272635,80.8009696",09369460841
 V-Mart ," Mayur Multiplex, Chawani Road, Nazarbagh, Banda, Uttar Pradesh, 210001",10:00 AM to 10:00 PM,"25.4785791,80.3375928",09335003804
 V-Mart ," Ab Complex, Jawahar Road, Naya Mohalla, Chhatarpur, Madhya Pradesh, 471001",11:00 AM to 10:00 PM,"24.917917,79.583992",09289792510
 V-Mart ," Shop No 283, Kutchery Road, Pnt Colony, Raebareli, Uttar Pradesh, 229001",10:00 AM to 10:00 PM,"26.2247388,81.2404141",05352212055
 V-Mart ," Plot No 1 & 2, Chittorgarh Udaipur Road, Gadia, Near Tourist Bunglow, Lohar Colony, Chittorgarh, Rajasthan, 312001",10:00 AM to 10:00 PM,"24.876917,74.620271",09311388652
 V-Mart ," Plot No 390, Jhanjhari Block, Malviya Nagar, Gonda, Uttar Pradesh, 271001",10:00 AM to 10:00 PM,"27.1332302,81.9626295",09369102223
 V-Mart ," Ground Floor, Gonda Station Road, Sahabganj, Opposite Nooramal Mandir, Veer Pur, Gonda, Uttar Pradesh, 271002",10:00 AM to 10:00 PM,"27.147341,81.969334",09289495577
 V-Mart ," Ground Floor, Near Kunjwani Chowk, Opposite Government Tube Well, Narwal, Jammu, Jammu and Kashmir, 180010",10:00 AM to 10:00 PM,"32.6722038,74.881153",07303200897
 V-Mart ," Plot No 1, Bc Road, Near St Peters High School, Jewel Chowk, Jammu, Jammu and Kashmir, 180016",10:00 AM to 10:00 PM,"32.7270383,74.8566507",09667300384
 V-Mart ," Plot No 221, Palace Road, Opposite Red Cross Building, Kacchi Chawni, Jammu, Jammu and Kashmir, 180001",10:00 AM to 10:00 PM,"32.740126,74.868253",09682607909
 V-Mart ," Khasra No 212, 213, Khata No 356, Opposite Vijay Rice Mill, Shiv Nagar, Jammu, Jammu and Kashmir, 180002",10:00 AM to 10:00 PM,"32.736574,74.828385",07428495288
 V-Mart ," Khasra No 1145, Pamposh Colony, Janipur, Housing Colony, Jammu, Jammu and Kashmir, 180007",10:00 AM to 10:00 PM,"32.762571,74.84499",07428495284
 V-Mart ," Saraswati Colony, Rajsamand, Near Chhatariyo, Kankroli, Rajsamand, Rajasthan, 313324",10:00 AM to 10:00 PM,"25.057106,73.894401",07303537755
 V-Mart ," Jamo Shopp Centre, Near Bank Of Baroda, Gauriganj, Sultanpur, Uttar Pradesh, 227409",10:00 AM to 10:00 PM,"26.2109192,81.7125737",08448085180
 V-Mart ," Chanakya Plaza Complex, Nh 1A, Shiv Nagar, Udhampur, Jammu and Kashmir, 182101",10:00 AM to 10:00 PM,"32.9264,75.13201",09103322050
 V-Mart ," Vaishno Palace, Niama Chauraha, Tarang Road, Niyawan, Faizabad, Uttar Pradesh, 224001",10:00 AM to 10:00 PM,"26.7861256,82.1404288",08799111712
 V-Mart ," Main Road, Purani Bazar, Laxman Puri, Karwi, Chitrakoot, Uttar Pradesh, 210205",10:00 AM to 10:00 PM,"25.2134535,80.9130316",09311775493
 V-Mart ," Shop No 8/10/240, Naka Mujjafara, Tehsil Sadar, Near Naka Chowk, Ayodhya, Faizabad, Uttar Pradesh, 224123",10:00 AM to 10:00 PM,"26.771327,82.159001",09118444872
 V-Mart ," Mujjafara Naka, Sadar, Near Naka Chowk, Faizabad Naka, Faizabad, Uttar Pradesh, 224001",10:00 AM to 10:00 PM,"26.7713251,82.1590037",09821226923
 V-Mart ," Ground Floor, Amethi-Durgapur Road, Near Bus Stand, Amethi, Sultanpur, Uttar Pradesh, 227405",10:00 AM to 10:00 PM,"26.156683,81.807207",09821189474
 V-Mart ," Zamania, Rafi Nagar, Near Indian Oil Petrol Pump, Utraula, Balrampur, Uttar Pradesh, 271604",11:00 AM to 10:00 PM,"27.311361,82.414627",09810820193
 V-Mart ," State Highway 34, Civil Lines, Sultanpur, Uttar Pradesh, 228001",10:00 AM to 10:00 PM,"26.2648824,82.0723963",09319112421
 V-Mart ," Dariyapur Tiraha, Punchrasta Road, Khairabad, Sultanpur, Uttar Pradesh, 228001",11:00 AM to 10:00 PM,"26.254969,82.069726",09810916264
 V-Mart ," No 42, Kutchery Road, Civil Lines, Pratapgarh, Uttar Pradesh, 230001",10:00 AM to 10:00 PM,"25.920416,81.991701",09369983772
 V-Mart ," Badela Road, Fatehpura, Udaipur, Rajasthan, 313001",11:00 AM to 10:00 PM,"24.61138217,73.68906047",09599804900
 V-Mart ," No 42, Kutchery Road, Civil Lines, Pratapgarh, Uttar Pradesh, 230001",10:00 AM to 10:00 PM,"25.920416,81.991701",09369983772
 V-Mart ," Badela Road, Fatehpura, Udaipur, Rajasthan, 313001",11:00 AM to 10:00 PM,"24.61138217,73.68906047",09599804900
 V-Mart ," Shastri Circle, University Road, Ashok Nagar, Udaipur, Rajasthan, 313001",10:00 AM to 10:00 PM,"24.587111,73.696041",09352608844
 V-Mart ," Nakoda Complex, Main Road, Sector 4, Near Guru Nanak Girls Collage, Hiran Magri, Udaipur, Rajasthan, 313002",10:00 AM to 10:00 PM,"24.569126,73.721811",07042989944
 V-Mart ," Shastri Circle, University Road, Ashok Nagar, Surajpole, Udaipur, Rajasthan, 313001",10:00 AM to 10:00 PM,"24.57803253,73.6955662",09352608844
 V-Mart ," Ground Floor, Khatikwada, Surajpole, Girwa, Udaipur, Rajasthan, 313001",10:00 AM to 10:00 PM,"24.5779914,73.6955663",08130402905
 V-Mart ," No 26, Gt Road, Sulem Sarai, Dhoomanganj, Allahabad, Uttar Pradesh, 211001",10:00 AM to 10:00 PM,"25.4469091,81.7886434",09305613960
 V-Mart ," Shop No 26, Sulem Sarai, GT Road, Lukarganj, Prayagraj, Uttar Pradesh, 211001",10:00 AM to 10:00 PM,"25.4469691,81.79085053",09305613960
 V Mart ," Shop No 213, Block B, Phaphamau Bazar, Banaras Road, Phaphamau, Prayagraj, Uttar Pradesh, 211013",10:00 AM to 10:00 PM,"25.526974,81.865054",09818327193
 V-Mart ," Ground Floor, Station Road, Near Aggarwal Garden, Railway Colony, Satna, Madhya Pradesh, 485001",11:00 AM to 10:00 PM,"24.57236637,80.83042773",09717111997
 V-Mart ," Shop No 72/94, Noorullah Road, Khuldabad, Malviyanagar, Prayagraj, Uttar Pradesh, 211003",10:00 AM to 10:00 PM,"25.4356773,81.8228426",08800119708
 V-Mart ," No 12/14, Chaddha Road, Rani Mandi Chowk, Miurabad, Prayagraj, Uttar Pradesh, 211003",10:00 AM to 10:00 PM,"25.4365988,81.8328024",09359883556
 V-Mart ," Subhash Tower, Mohalla Civil Station, Near SBI Atm, Gandhi Nagar, Basti, Uttar Pradesh, 272001",10:00 AM to 10:00 PM,"26.797491,82.7317499",09389145112
 V-Mart ," Giriraj Hotel, Shiv Gulam, Pikaura, Malviya Road, Near Roadways Tiraha, Gandhi Nagar, Basti, Uttar Pradesh, 272001",10:00 AM to 10:00 PM,"26.799963,82.747549",08130094564
 V-Mart ," Plot No 3 & 4, Main Road, Palak Plaza, Karond Chauraha, Karond, Bhopal, Madhya Pradesh, 462001",10:00 AM to 10:00 PM,"23.303966,77.403458",07303200878
 V-Mart ," Plot No 8 And 9, Ground Floor Main Berasia Road, Sant Kanwar Road, Ram Nagar Colony, Bhopal, Madhya Pradesh, 462021",10:00 AM to 10:00 PM,"23.299468,77.404079",09300805672
 V-Mart ," No New B 51/521 & 51/522, Main Road, Bairagarh, Bhopal, Madhya Pradesh, 462030",10:00 AM to 10:00 PM,"23.270308,77.333858",08448856619
 V-Mart ," Plot No 3/8, Bunglow No 1, Sultania Road, Jhangirabad, Bhopal, Madhya Pradesh, 462008",10:00 AM to 10:00 PM,"23.2539076,77.4123647",08448528662
 V-Mart ," No H6B, Inderpuri, Sonagiri, Bhopal, Madhya Pradesh, 462023",10:00 AM to 10:00 PM,"23.248251,77.471929",09301674875
 V-Mart ," Royal Palace, B-Sector, Sarvadharam, Kolar Main Road, Chuna Bhatti, Bhopal, Madhya Pradesh, 462042",10:00 AM to 10:00 PM,"23.201453,77.416904",09667790291
 V-Mart ," Ram Krishna Complex, Shilpi Plaza Road, Huzur, Rewa, Madhya Pradesh, 486001",10:00 AM to 10:00 PM,"24.5381449,81.2953853",07289006714
 V-Mart ," Shahganj-Jaunpur Road, Jaunpur Road, Pargana, Anguli, Kharauna, Shahganj, Jaunpur, Uttar Pradesh, 223101",10:00 AM to 10:00 PM,"26.042065,82.682636",09821189513
 V-Mart ," State Bank Chouraha Main Road, Khalilabad, Sant Kabir Nagar, Uttar Pradesh, 272175",10:00 AM to 10:00 PM,"26.7778887,83.065802",09389383246
 V-Mart ," Railway Station Road, Ambedkar Chowk, Anand Nagar, Pharenda, Uttar Pradesh, 273155",10:00 AM to 10:00 PM,"27.101769,83.272615",09650732288
 V-Mart ," Shaheed Park, Betal Marg, Madhav Nagar, Freeganj, Ujjain, Madhya Pradesh, 456001",10:00 AM to 10:00 PM,"23.179585,75.7914108",09300040826
 V-Mart ," Himalaya House Badlapur Parav, Dilazak, Olandganj, Jaunpur, Uttar Pradesh, 222002",10:00 AM to 10:00 PM,"25.7475325,82.6778193",09336209256
 V-Mart ," No 52/B, Jeycees Crossing Chauraha, Husainabad, Jaunpur, Uttar Pradesh, 222001",10:00 AM to 10:00 PM,"25.741231,82.686311",07290044272
 V-Mart ," Samridhi Complex, Sonauli Road, Rajendra Nagar, Gorakhpur, Uttar Pradesh, 273015",10:00 AM to 10:00 PM,"26.7885458,83.3560975",07499899386
 V-Mart ," Dhananjay Tower, Station Road, Bhadohi, Opposite Axis Bank, Gyanpur, Sant Ravidas Nagar, Uttar Pradesh, 221401",10:00 AM to 10:00 PM,"25.396184,82.563885",09838111009
 V-Mart ," Ad Chowk, Bank Road, Vindyavasini Nagar, Gorakhpur, Uttar Pradesh, 273001",10:00 AM to 10:00 PM,"26.7527731,83.3667684",09307727720
 V-Mart ," Gate No 20, Medical College Road, Chargawan, Near ITI, Mughala, Gorakhpur, Uttar Pradesh, 273013",10:00 AM to 10:00 PM,"26.8164699,83.3969609",07303585370
 V-Mart ," Plot No 716, Mangalam Marriage Hall, Medical College Road, Shahpur, Gorakhpur, Uttar Pradesh, 273001",10:00 AM to 10:00 PM,"26.77368,83.38247",09389607082
 V-Mart ," Commercial Street, Taramandal, Buddha Vihar, Buddha Vihar, Gorakhpur, Uttar Pradesh, 273017",11:00 AM to 10:00 PM,"26.736451,83.3729553",09289662258
 V-Mart ," Srishty Enclave, Padari Bazar, Shahpur, Gorakhpur, Uttar Pradesh, 273014",10:00 AM to 10:00 PM,"26.7799018,83.4039715",09311899541
 V Mart ," SH1, Beside Bharat Petrol Pump, Mohaddipur, Gorakhpur, Uttar pradesh, 273008",10:00 AM to 10:00 PM,"26.748936,83.407193",09810448543
 V-Mart ," Ground Floor, Pharenda Road, Near HDFC Bank, Lohia Nagar, Maharajganj, Uttar Pradesh, 273303",10:00 AM to 10:00 PM,"27.143835,83.5582763",08448491986
 V-Mart ," Sarah City Center, Hari Singh High Street, Indira Gandhi Road, Badyar Balla, Srinagar, Jammu and Kashmir, 190001",10:00 AM to 10:00 PM,"34.070961,74.803702",09205065510
 V-Mart ," Shop No 1056, Teliaganj, Maharana Pratap Marg, Tappa 84, Pargana Kantit, Sadar, Mirzapur, Uttar Pradesh, 231001",10:00 AM to 10:00 PM,"25.1546269,82.5009931",09311388649
 V-Mart ," Ground Floor, Lalganj Bazar, Lalganj, Azamgarh, Uttar Pradesh, 276202",10:00 AM to 10:00 PM,"25.7947311,82.9973055",07289006883
 V-Mart ," Asif Ganj, Takiya, Sidhari, Azamgarh, Uttar Pradesh, 276001",10:00 AM to 10:00 PM,"26.0736995,83.1859273",09319490920
 V-Mart ," Asif Ganj, Rajesultanpur - Azamgarh Road, Palhani, Takiya, Azamgarh, Uttar Pradesh, 276001",10:00 AM to 10:00 PM,"26.073704,83.185946",08448085188
 V-Mart ," Rs Tower, Civil Lines, Bageshwar Nagar, Azamgarh, Uttar Pradesh, 276001",10:00 AM to 10:00 PM,"26.0489654,83.1757023",07499107686
 V-Mart ," 27 Damohji Road, Pratap Market, Transport Nagar, Jabalpur, Madhya Pradesh, 482002",10:00 AM to 10:00 PM,"23.186932,79.926978",07428680312
 V-Mart ," Plot No 3/2, Bhawarkua Road, Near Tower Square, Bairati Colony, Indore, Madhya Pradesh, 452014",10:00 AM to 10:00 PM,"22.6995618,75.8639858",08130209259
 V-Mart ," Chillupar, Gola, Near Patna Chauraha, Barhalganj, Gorakhpur, Uttar Pradesh, 273402",11:00 AM to 10:00 PM,"26.28565424,83.51296022",09560707826
 V-Mart ," Plot No 40, AV Complex, Bhojubeer, RR Colony, Varanasi, Uttar Pradesh, 221012",10:00 AM to 10:00 PM,"25.3534693,82.9662535",07289010347
 V-Mart ," S 14/73P 41, Daulatpur, Paharia, Varanasi, Uttar Pradesh, 221007",10:00 AM to 10:00 PM,"25.352626,82.9836003",09336745982
 V-Mart ," Shop No 21/3, C 21/3 A, Vidyapeeth Road, Maldahiya, Varanasi, Uttar Pradesh, 221006",10:00 AM to 10:00 PM,"25.328484,82.994298",09305078420
 V-Mart ," Shop No C21/3B, Maldahiya, Maldahiya, Varanasi, Uttar Pradesh, 221002",10:00 AM to 10:00 PM,"25.328484,82.994298",09319960083
 V-Mart ," Bhelpur, Lanka Road, Lanka Road, Durgakund, Varanasi, Uttar Pradesh, 221005",10:00 AM to 10:00 PM,"25.3062053,82.9831758",07011449457
 V-Mart ," D 47/192, Khanna Villa Colony, Luxor Road, Rampura, Bhelupur, Sidhgiribagh, Varanasi, Uttar Pradesh, 221010",10:00 AM to 10:00 PM,"25.309053,83.002415",09389602882
 V-Mart ," No 3/326, 3/329, Shivala, Bhelpur Waroad, Sonarpura, Sonarpura, Varanasi, Uttar Pradesh, 221001",10:00 AM to 10:00 PM,"25.296186,83.004167",09311775497
 V-Mart ," Main Road Jamalpur, Near Railway Station, Ghosi, Mau, Uttar Pradesh, 275304",10:00 AM to 10:00 PM,"26.117351,83.545161",07042989977
 V-Mart ," Neemuch Road, Near UCO Bank, Pithampur, Dhar, Madhya Pradesh, 454774",10:30 AM to 09:30 PM,"22.608043,75.683071",09560502142
 V-Mart ," Kalptaru Complex, G.T Road, Nai Basti, Circus Road, Mughalsarai, Chandauli, Uttar Pradesh, 232101",10:00 AM to 10:00 PM,"25.288667,83.106444",08448528661
 V-Mart ," Hotel Vishal International, Ward No 10, Naraipur, In Front Of Bagaha Railway Station, Bagaha, West Champaran, Bihar, 845105",10:00 AM to 10:00 PM,"27.129449,84.067077",08800837136
 V-Mart ," Prahlad Trade Center, Maunath Bhanjan, Sahadatpura, Mau, Uttar Pradesh, 275102",10:00 AM to 10:00 PM,"25.9254461,83.565736",09335103351
 V-Mart ," Sichai Vibhag Chauraha, Badhwapur, Near Luders Girls Inter College, Kacheri, Ghazipur, Uttar Pradesh, 233001",10:00 AM to 10:00 PM,"25.5730025,83.563185",09336572156
 V-Mart ," Ram Leela Maidan Road, New Market, Tagore Nagar, Robertsganj, Sonbhadra, Uttar Pradesh, 231216",11:00 AM to 10:00 PM,"24.686989,83.064811",08800722747
 V-Mart ," Nirahu Ka Pura, Sevrai, Indra Nagar, Dildar Nagar, Ghazipur, Uttar Pradesh, 233001",11:00 AM to 10:00 PM,"25.416952,83.670851",09289311620
 V-Mart ," Aum Natraj Complex, State Highway Road, Mahesana Gidc, Mahesana, Gujarat, 384002",10:00 AM to 10:00 PM,"23.5890557,72.3768849",09376098820
 V-Mart ," Vidhya Nagar Road, Singrauli, Near Paramsukkh Das Filing Station, Singrauli Colliery, Sidhi, Madhya Pradesh, 486886",11:00 AM to 10:00 PM,"24.079721,82.657132",08800560956
 V-Mart ," Uk Tower, Supriya Cinema Road, Vidyapati Nagar, West Champaran, Bihar, 845438",10:00 AM to 10:00 PM,"26.8052529,84.5147847",09386503359
 V-Mart ," Ground Floor, Main Road, Bhabua, Kaimur, Bihar, 821101",10:00 AM to 10:00 PM,"25.0492808,83.6162927",07290026406
 V-Mart ," Kamadgiri Enterprises, Central Bank Road, Padrauna, Kushinagar, Uttar Pradesh, 274304",10:00 AM to 10:00 PM,"26.7042423,84.5095635",08181001683
 V-Mart ," Mini Tower Jyoti Prakash Chowk, Koirpurwa, Buxar, Bihar, 802101",10:00 AM to 10:00 PM,"25.5678685,83.9758813",08467922657
 V-Mart ," Ground Floor, Vijay Market, Opposite To Bus Stand, Banakata, Gopalganj, Bihar, 841413",10:00 AM to 10:00 PM,"26.4611962,84.4383196",09386361115
 V-Mart ," Rajender Path, Babunia More, Chhapra Road, Pal Nagar, Siwan, Bihar, 841226",10:00 AM to 10:00 PM,"26.2229575,84.3640737",09386152670
 V-Mart ," Plot No 1/4, Block No 3, New Town, Bahadurpur, Ballia, Uttar Pradesh, 277001",10:00 AM to 10:00 PM,"25.7575348,84.1486457",09311773269
 V-Mart ," Aggarwal Tower, Vijay Cinema Road, Bahadurpur, Ballia, Uttar Pradesh, 277001",10:00 AM to 10:00 PM,"25.7567047,84.1523575",07499611986
 V-Mart ," Renuka Swarn Kala Kendra, Murdhawa Colony Road, Patel Nagar, Renukoot, Sonbhadra, Uttar Pradesh, 231217",10:00 AM to 10:00 PM,"24.2197773,83.0345119",09358447421
 V-Mart ," Nahar Chowk, Koreiya Tola, Raxaul, East Champaran, Bihar, 845305",10:00 AM to 10:00 PM,"26.97751,84.84932",09304566272
 V-Mart ," Broadway Business Center, Netaji Road, Law Garden Corner, Ellisbridge, Ahmedabad, Gujarat, 380006",10:00 AM to 10:00 PM,"23.028411,72.560677",09374677507
 V-Mart ," 571, Parmeela Complex, Arrah Road, Golakshani, Bikramganj, Rohtas, Bihar, 802212",10:00 AM to 10:00 PM,"24.9593854,84.0161204",09386853426
 V-Mart ," National Highway 28A, Janpul Road, Rajendra Nagar, Motihari, East Champaran, Bihar, 845401",10:00 AM to 10:00 PM,"26.6619615,84.9132496",09334573250
 V-Mart ," Pali Road, Near Dehri On Sone, Dehri, Rohtas, Bihar, 821307",10:00 AM to 10:00 PM,"24.901713,84.186938",09821189483
 V-Mart ," Ward No 13, Holding No 20/33A/11, Circle No 20, Bhagwan Bazar, Pratap Nagar, Chhapra, Bihar, 841301",10:00 AM to 10:00 PM,"25.784547,84.725655",09311775494
 V-Mart ," Hotel Sudarshan Palace, Rc Datta Road, Alkapuri, Vadodara, Gujarat, 390007",10:00 AM to 10:00 PM,"22.309479,73.178909",09327916340
 V-Mart ," Powell Intl Mall, Kesariya Road, Near Devkrit Pandey Thakur Singh Inter College, Chakia, East Champaran, Bihar, 845412",10:00 AM to 10:00 PM,"26.4116728,85.0373116",08448085184
 V-Mart ," Babu Bazaar, D T Road, Arrah, Bhojpur, Bihar, 802301",10:00 AM to 10:00 PM,"25.5608225,84.668163",09304009826
 V-Mart ," Harihar Babu Commercial Complex, Patna-Gaya Road, Aitwarpur, Patna, Bihar, 824143",10:00 AM to 10:00 PM,"25.0341571,84.3988876",09308232456
 V-Mart ," Beside Navneet Hotel, Sahijna Road, Ranka More, Pipra Khurd, Garhwa, Jharkhand, 822114",10:00 AM to 10:00 PM,"24.158968,83.807623",09205364103
 V-Mart ," Maa Parvati Commercial Complex, Mg Road, New Area, Aurangabad(Bh), Bihar, 824101",10:00 AM to 10:00 PM,"24.749733,84.366564",09386252626
 V-Mart ," Khasra No 5563, Sheohar-Minapur Road, Adjoining Axis Bank, Sheohar, Sheohar, Bihar, 843329",10:00 AM to 10:00 PM,"26.5108652,85.3001121",07290036229
 V-Mart ," Bailey Road, Saguna More, Opposite Keshav Hospital, Khagual, Patna, Bihar, 801503",10:00 AM to 10:00 PM,"25.622997,85.042685",09971179135
 V-Mart ," Ward No 7, Main Road, Gandhi Chowk, Lalganj, Vaishali, Bihar, 844121",09:00 AM to 09:00 PM,"25.8680559,85.1719391",08800110366
 V-Mart ," Nh 77 Dumra Road, Rajo Patti Area, Bhabdepur, Sitamarhi, Bihar, 843302",10:00 AM to 10:00 PM,"26.6056713,85.4786085",09389760960
 V-Mart ," Chandrakanta Complex, Sector 14, Rajiv Nagar, Phulwari, Patna, Bihar, 800024",10:00 AM to 10:00 PM,"25.6315977,85.0946442",09334710960
 V-Mart ," New Saraswati Chandra Market, Kurji Mor, Near PNB Bank,Opp. Chasma Gali, Kurji, Patna, Bihar, 800010",10:00 AM to 10:00 PM,"25.638171,85.10847",09667790297
 V-Mart ," Plot No 272, Tauzi No 5311, Mall Road, Near Pnb, Phulwari, Patna, Bihar, 800013",10:00 AM to 10:00 PM,"25.6371194,85.1085908",09667790297
 V-Mart ," Khata No 133, Police Colony, Thana No 14, Opposite Planet Fashion, Anishabad, Patna, Bihar, 800002",10:00 AM to 10:00 PM,"25.582182,85.088984",09810891614
 V-Mart ," Raj Tower, Boring Road Crossing, Anandpuri, Near Verma Center, Phulwari, Patna, Bihar, 800001",10:00 AM to 10:00 PM,"25.614463,85.116874",09334834960
 V-Mart ," Plot No. 2616, Redma Chowk, Near ICICI Bank, Medininagar, Palamu, Jharkhand, 822101",10:00 AM to 10:00 PM,"24.037843,84.075691",09334903953
 V-Mart ," Priya Market, Sutapatti Road, Sutapatti, Muzaffarpur, Bihar, 842001",10:00 AM to 10:00 PM,"26.12542124,85.38507234",07488507511
 V-Mart ," Priya Market, Sutapatti Road, Sariya Ganj, Sutapatti, Muzaffarpur, Bihar, 842001",10:00 AM to 10:00 PM,"26.1254056,85.3850871",07488507511
 V-Mart ," Plot No 16, Block C, Housing Colony, Kankarbagh, Near Tempo Stand, Sampatchak, Patna, Bihar, 800020",10:00 AM to 10:00 PM,"25.594333,85.148194",07761918155
 V-Mart ," Khasra No. 413, Aghorya Bazaar, Ps Kazi Mohammadpur, Mushahari, Muzaffarpur, Bihar, 842002",10:00 AM to 10:00 PM,"26.1073866,85.3901845",08826010247
 V-Mart ," Lg Flr, Cine Krishna, Bubna Plaza Campus, Cinema Road, Hajipur, Vaishali, Bihar, 844101",10:00 AM to 10:00 PM,"25.6943344,85.211759",09304264891
 V-Mart ," Patna Kanti Factory, Kanti Factory Road, Mahatma Gandhi Nagar, Near Pnb Bank, Sampatchak, Patna, Bihar, 800020",11:00 AM to 10:00 PM,"25.599403,85.169534",09289493344
 V-Mart ," Station Road, Near Shiv Shankar Cinema Hall, Krishnapuri Colony, Jahanabad, Bihar, 804408",10:00 AM to 10:00 PM,"25.2192963,84.988212",08448528647
 V-Mart ," Gopalpur Block, Sampatchak, Sampatchak, Near Mahaveer Kali Mandir, Sona Gopalpur, Patna, Bihar, 800007",10:00 AM to 10:00 PM,"25.536402,85.176174",07303129704
 V-Mart ," Khaze Kain Road, Kasera Toli, Near Krishna Cinema, Sadikpur, Patna, Bihar, 800008",10:00 AM to 10:00 PM,"25.6003896,85.2203485",09308314142
 V-Mart ," Ground Floor, Raypura, Opposite Bandhan Marriage Hall, Fatuha, Patna, Bihar, 803201",11:00 AM to 10:00 PM,"25.507366,85.313664",09810917346
 V-Mart ," Dharam Dhurin Complex, Gandhi Maidan, Opp-North India, Nagmatia Colony, Gaya, Bihar, 823001",10:00 AM to 10:00 PM,"24.7911749,84.9992979",09386346584
 V-Mart ," Madhopur, Main Road, Hakikatpur, Bakhtiarpur, Patna, Bihar, 803212",10:00 AM to 10:00 PM,"25.460716,85.535683",09821226845
 V-Mart ," Rajkumar Ganj Road, Near Amrit Nursing Home, Kathalbari, Darbhanga, Bihar, 846004",10:00 AM to 10:00 PM,"26.157621,85.902341",09334260960
 V-Mart ," Mathurapur Ghat, Darbhanga Road, Kasipur, Samastipur, Bihar, 848101",10:00 AM to 10:00 PM,"25.8629579,85.7810094",09386392800
 V-Mart ," Laheriasarai, Balbhadrapur, Laheriasarai, Darbhanga, Bihar, 846001",11:00 AM to 10:00 PM,"26.11985324,85.89686379",09599805007
 V-Mart ," Donar Road, Opposite Holy Cross School, Donar, Darbhanga, Bihar, 846004",10:00 AM to 10:00 PM,"26.147925,85.9081635",09821226972
 V-Mart ," Ground Floor, Main Market Road, Near State Bank Of India, Sasang, Latehar, Jharkhand, 829206",10:00 AM to 10:00 PM,"23.7448195,84.5056982",07290036231
 V-Mart ," Hari Om Market, Ravapar Road, Morbi, Rajkot, Gujarat, 363641",10:00 AM to 10:00 PM,"22.8087215,70.8294961",09328572268
 V-Mart ," Swadesh Tower, Thana Modh, Ayachi Nagar, Madhubani, Bihar, 847211",10:00 AM to 10:00 PM,"26.346845,86.0710009",09308855751
 V-Mart ," Gharpar, Purani Bazaar, Main Road, Roh, Gondapur, Nawada, Bihar, 805110",10:00 AM to 10:00 PM,"24.8832978,85.5333034",09308330535
 V-Mart ," Shop No 4 To 7, 104 To 111, Ground Floor And 1St Floor, Deepkamal Mall & Multiplex, Varaccha Road, Nana Varachha, Surat, Gujarat, 395006",11:00 AM to 10:00 PM,"21.2291761,72.8967132",09289062305
 V-Mart ," Rashidpur Road, Teghra, Daniyalpur, Munger Ghai, Begusarai, Bihar, 851114",11:00 AM to 10:00 PM,"25.48949052,85.94128333",09289662257
 V-Mart ," Khata No 556, Ward No 11, Plot No 5519, 5868/O, 6559/N, Near Langra Chowk, Jhanjharpur, Darbhanga, Bihar, 847404",10:00 AM to 10:00 PM,"26.257279,86.276029",09871123075
 V-Mart ," Raj Kamal 1, Pn 348, Ward 12/B, Bank Circle, Gandhidham, Gujarat, 370201",10:00 AM to 10:00 PM,"23.065682,70.138837",09328603852
 V-Mart ," Station Road, Jakhrana, Near DAV School, Professor Colony, Sheikhpura, Bihar, 811105",10:00 AM to 10:00 PM,"25.1342732,85.8595387",08448982288
 V-Mart ," Mb Complex, Shukla Bazar Road, Gudri Bazar, Lohardaga, Jharkhand, 835302",10:00 AM to 10:00 PM,"23.431347,84.683618",08448480723
 V-Mart ," Ps No 71, Barhi, Chatra, Jharkhand, 825405",10:00 AM to 10:00 PM,"24.30413,85.421357",09311375494
 V-Mart ," Shyam Complex, Kutchery Road, Chitragupta Nagar, Begusarai, Bihar, 851101",10:00 AM to 10:00 PM,"25.4211144,86.1358584",09386267657
 V-Mart ," Ward No 20, Fci Godam, Rk Sharma, Hemara Road, Opposite Chitnaur Kothi, Ratanpur, Begusarai, Bihar, 851101",10:00 AM to 10:00 PM,"25.410455,86.138315",09667790292
 V-Mart ," Ground Floor, Station Road, Purani Bazar, Opposite Nagar Parishad Office, Ramgarh Chowk, Lakhisarai, Bihar, 811311",10:00 AM to 10:00 PM,"25.1740229,86.0952428",08448085171
 V-Mart ," Aashirvaad Complex, Ward No 12, Sisai Road, Gumla, Gumla, Jharkhand, 835207",10:00 AM to 10:00 PM,"23.0414787,84.5457969",09773989146
 V-Mart ," Ganga Talkies, Station Road, North Hathkola, Supaul, Bihar, 852131",10:00 AM to 10:00 PM,"26.118817,86.603619",07303585369
 V-Mart ," Manorma Complex, Purab Bazar, Sant Nagar, Kahra, Saharsa, Bihar, 852201",10:00 AM to 10:00 PM,"25.8875617,86.6074458",07488564226
 V-Mart ," Ground Floor, Mill Road, Kalibari, Khagaria, Bihar, 851204",10:00 AM to 10:00 PM,"25.5036471,86.4666461",09773989143
 V-Mart ," Mahashari Chowk, Lakhisarai Road, Purani Bazar, Jamui, Bihar, 811307",10:00 AM to 10:00 PM,"24.919515,86.224718",07488507516
 V-Mart ," Chandan Bagh, Patna Road, Maksuspur, Munger, Bihar, 811201",10:00 AM to 10:00 PM,"25.3623257,86.4679928",07488357825
 V-Mart ," Shivtara Complex, Munger Road, Gayatri Nagar, Jamalpur, Munger, Bihar, 811214",10:00 AM to 10:00 PM,"25.3629734,86.4934543",06344242145
 V-Mart ," Kartik CPLX, Col Shri, Joggers Park Road, Aradhna Society, Jamnagar, Gujarat, 361008",10:00 AM to 10:00 PM,"22.47962191,70.05378252",09376130960
 V-Mart ," Kartik Complex, Col Shri, Joggers Park Road, Park Colony, Jamnagar, Gujarat, 361008",10:00 AM to 10:00 PM,"22.4796115,70.0537889",09376130960
 V-Mart ," Shivtara Complex, Munger Road, Gayatri Nagar, Jamalpur, Munger, Bihar, 811214",10:00 AM to 10:00 PM,"25.3220615,86.4926218",06344242145
 V-Mart ," Thana Chowk, Opposite Town Thana, Jagjeevan Path, Madhepura, Bihar, 852113",10:00 AM to 10:00 PM,"25.9202632,86.7920174",07289005223
 V-Mart ," Pn 983, Hinoo Main Road, Birsa Chowk, Upper Bazar, Ranchi, Jharkhand, 834002",10:00 AM to 10:00 PM,"23.3782907,85.3168627",09015684112
 V-Mart ," Ward No 35, Priya Kunj Complex, Ratu Road, Opposite Ashtha Apartment, Hehal, Ranchi, Jharkhand, 834005",10:00 AM to 10:00 PM,"23.378279,85.317312",09717050062
 V-Mart ," Epic Centre, Raj Hospital Complex, Main Road, Naga Baba Khatal, Ranchi, Jharkhand, 834001",10:00 AM to 10:00 PM,"23.3780409,85.3187527",09386093975
 V-Mart ," Panchratna Chourasia Galaxy, Gola Road, Ramgarh, Hazaribag, Jharkhand, 829103",10:00 AM to 10:00 PM,"23.6273765,85.5245513",07289913783
 V-Mart ," Pn 2650, Khata No 246, Shyama Residency, No 10/18, Thana 184, Bariatu Road, Baragain, Ranchi, Jharkhand, 834009",10:00 AM to 10:00 PM,"23.400681,85.367238",09810890587
 V Mart ," Siram Village, Indira Chowk, Station Road, Kathartoli, Ranchi, Jharkhand, 834001",10:00 AM to 10:00 PM,"23.354817,85.338477",07303522335
 V-Mart ," Mohalla Dahiawa Tola, Shri Nandan Path, Sadhnapuri, Chapra, Saran, Bihar, 841301",10:00 AM to 10:00 PM,"24.483347,86.2999974",09386016126
 V-Mart ," Liyaqat Ali Line, Subhash Chowk, Jannat Road, Jannat Ganar, Khunti, Jharkhand, 835210",10:00 AM to 10:00 PM,"23.0812065,85.2761274",07303520077
 V-Mart ," Shankar Bagicha, Sarbahal Road, Marwari Para, Jharsuguda, Odisha, 768201",10:00 AM to 10:00 PM,"21.8501371,84.0134585",09337150806
 V-Mart ," Plot No 529, Shop No 9 To 10, 1St Floor, City Centre Mall, Mfs 7 To Mfs13, Untwadi Road, Lawate Nagar, Nashik, Maharashtra, 422002",11:00 AM to 10:00 PM,"19.990563,73.762062",09289062277
 V-Mart ," Sadar Road, Forbesganj, Araria, Forbesganj, Bihar, 854318",11:00 AM to 10:00 PM,"26.303988,87.2577041",09599805005
 V-Mart ," Manish Trading Co, Bhoot Bunglow, Pn 2047, Phusro Bazaar, Bokaro, Jharkhand, 829144",10:00 AM to 10:00 PM,"23.764556,85.9946372",08448597235
 V-Mart ," Kd Market, Kalibari Chowk, Makatpur Road, Kalibari, Giridih, Jharkhand, 815301",10:00 AM to 10:00 PM,"24.1858609,86.3080073",09304042100
 V-Mart ," Shah Market, Patel Babu Road, Jagdishpur, Bhagalpur, Bihar, 812001",10:00 AM to 10:00 PM,"25.2461587,86.9796151",09386284184
 V Mart ," Applewood Icon, Talav Darwaja Road, Near Inderlok Arcade, Talav Gate, Junagadh, Gujarat, 362001",10:00 AM to 10:00 PM,"21.519691,70.458891",09971758008
 V-Mart ," Rourkela Daily Market, Near Haryana Bhawan, Sundergarh, Rourkela, Odisha, 769001",10:00 AM to 10:06 PM,"22.22766,84.851928",09311388650
 V-Mart ," Unit No 4, Chowk, Gole Bazar, Nayapara, Sambalpur, Odisha, 768001",10:00 AM to 10:00 PM,"21.4650024,83.9740591",06632521398
 V-Mart ," Deoghar Palace, VIP Chowk, Court Road, Williams Town, Deoghar, Jharkhand 814112, Deoghar, Jharkhand, 814112",10:00 AM to 10:00 PM,"24.4923761,86.6836409",09386888167
 V-Mart ," Deoghar Palace, Vip Chowk, Court Road, Williams Town, Deoghar, Jharkhand, 814112",10:00 AM to 10:00 PM,"24.4922548,86.6860203",09386888167
 V-Mart ," Madhuban Complex, Aligarh Road, Dokania Market, Banka, Bihar, 813102",10:00 AM to 10:00 PM,"24.8836001,86.929",09312004867
 V-Mart ," Shree Ram Complex Netaji Chowk, Check Post Main Road, Bokaro Steel City, Bokaro, Jharkhand, 827013",10:00 AM to 10:00 PM,"23.637314,86.163111",09304058986
 V-Mart ," Kalpana Cinema Road, Beside Bandhan Bank, Kahalgoan, Bhagalpur, Bihar, 813204",10:00 AM to 10:00 PM,"25.261569,87.232924",07303200896
 V-Mart ," London Mall, Binod Bihari Chowk, Hirak Road, Nawadih, Dhanbad, Jharkhand, 828130",11:00 AM to 10:00 PM,"23.816361,86.411179",09810895763
 V-Mart ," Polytechonic Chowk, Subhash Nagar, Subhash Nagar, Purnia, Bihar, 854301",10:00 AM to 10:00 PM,"25.7624381,87.469069",08448091173
 V-Mart ," Aastha Santosh Plaza, Shashtri Nagar, Jharia Road, Near Skylark Hotel, Bank More, Dhanbad, Jharkhand, 826001",10:00 AM to 10:00 PM,"23.7878059,86.4190322",07303585361
 V-Mart ," Rambagh Chowk Thana Sadar, Near Kali Mandir, Rambagh, Purnea, Bihar, 854301",10:00 AM to 10:00 PM,"25.791054,87.4960345",08130420517
 V-Mart ," Luby Circular Road, Manoram Nagar, Hirapur, Dhanbad, Jharkhand, 826001",10:00 AM to 10:00 PM,"23.8003568,86.4370436",09334333519
 V-Mart ," Aastha Twin Tower, Govindpuri Road, Near The Gallaeria Mall, Saraidhella, Dhanbad, Jharkhand, 828127",10:00 AM to 10:00 PM,"23.82297,86.476075",07428264726
 V-Mart ," Ground Floor, Rautara Chowk, Near LIC Office, Godda, Godda, Jharkhand, 814133",10:00 AM to 10:00 PM,"24.839666,87.21327",09311388653
 V-Mart ," Maa Gayatri Complex, Mirchaibari, Katihar, Bihar, 854105",10:00 AM to 10:00 PM,"25.555897,87.557595",07042989911
 V-Mart ," Katihar New Market, Rp Road, Near Syndicate Bank, Gami Tola, Katihar, Bihar, 854105",10:00 AM to 10:00 PM,"25.543832,87.573425",07428661153
 V-Mart ," Gandhi Chowk, Court Road, Near Sbi Main Branch, Rajpalli Jamtara, Jamtara, Jharkhand, 815351",10:00 AM to 10:00 PM,"23.9624023,86.7954307",07290036205
 V-Mart ," Ground Floor, Deshbandhu Road, Near Idbi Bank, Munsifdanga, Purulia, West Bengal, 723101",10:00 AM to 10:00 PM,"23.3430356,86.3651836",09667300374
 V-Mart ," Paschimpali College Road, Ghoramara, Kagzia Basti, Kishanganj, Bihar, 855107",10:00 AM to 10:00 PM,"26.1069174,87.9476768",09336427778
 V-Mart ," Radha Krishna Nirmaan Pvt Ltd, Kandra Road, Adityapur, Kadma, East Singhbhum, Jharkhand, 831005",10:00 AM to 10:00 PM,"22.7868339,86.163668",07290036204
 V-Mart ," Iqbal Ahmed Nagar, Ganga Reddy Road, Opp. Malabar Gold Shop, Mancherial, Adilabad, Telangana, 504208",10:00 AM to 10:00 PM,"18.875422,79.446461",09717528811
 V-Mart ," M Bazaar Sakchi, Snp Area, Ambagan, Sakchi, Jamshedpur, Jharkhand, 831001",10:00 AM to 10:00 PM,"22.8066879,86.203057",07303182536
 V-Mart ," No 83, Tank Road, Sakchi, Jamshedpur, Jharkhand, 831001",10:00 AM to 10:00 PM,"22.806089,86.205306",09334903953
 V-Mart ," Neeche Bazar, Main Road, Veer Kuwar Singh Chowk, Dumka, Jharkhand, 814101",10:00 AM to 10:00 PM,"24.2652135,87.2441499",09304006568
 V-Mart ," Ground Floor, Mg Road, Near Mp Jewellers, Raiganj, Opposite Public Bus Stand, Raiganj, North Dinajpur, West Bengal, 733134",10:00 AM to 10:00 PM,"25.6179434,88.125411",07428264729
 V-Mart ," Raj Complex, Joda Barbil Road, New Market, Madhapur, Kendujhar, Odisha, 758001",10:00 AM to 10:00 PM,"21.6414486,85.6031616",09338557128
 V-Mart ," Plot No 430, Kanchantala, Samsherganj, Dhuliyan, Murshidabad, West Bengal, 742202",10:00 AM to 10:00 PM,"24.6764258,87.9510541",07290036203
 V-Mart ," Kadam Dala Mod, Dbc Road, Nutan Pura, Jalpaiguri, West Bengal, 735101",10:00 AM to 10:00 PM,"26.5243459,88.7195147",09024110007
 V-Mart ," Cts No 1537, Bhakthi Premium, Old Bombay Pune Highway, Next To CME, Dapodi, Pune, Maharashtra, 411012",11:00 AM to 10:00 PM,"18.5868745,73.8311348",09289062281
 V-Mart ," Shankar Cinema Road, Bazarapada, Angul, Orissa, 759122",10:30 AM to 09:30 PM,"20.837227,85.089087",09560409612
 V-Mart ," Shop No 11 To 13, 1St Floor, Kumar Pacific, Cts No 42 And 43, Shankar Seth Road, Near Meera Society, Gultekdi, Pune, Maharashtra, 411037",11:00 AM to 09:30 PM,"18.5011012,73.8722866",09289062280
 V-Mart ," Old Market, Main Road, Gandhi Chowk, Dolai Street, Nabarangapur, Odisha, 764059",10:00 AM to 10:00 PM,"19.2283342,82.5484196",08010676530
 V-Mart ," Survey No 16/3 And 16/4, Mohite Paradise, Hingne Khuroad, Anand Nagar, Near Mcdonalds, Sinhgad, Pune, Maharashtra, 411051",11:00 AM to 10:00 PM,"18.476139,73.822528",09289062279
 V-Mart ," 3VX3+V37, Hyderabad Road, Srinivas Nagar, Opposite APGVB Bank, Siddipet, Medak, Telangana, 502103",10:00 AM to 10:00 PM,"18.099636,78.852715",09810448620
 V-Mart ," Shop No 15/1/28/1, Srinivasa Colony, Mgm Hospital Circle, Kothawada, Warangal, Telangana, 506002",10:30 AM to 09:30 PM,"17.9928609,79.5938716",09289062243
 V-Mart ," Plot No 51 B, B Sen Road, Berhampore, Murshidabad, West Bengal, 742101",10:00 AM to 10:00 PM,"24.106891,88.250352",08130419907
 V-Mart ," Sagar Palace Kc Circle, Udate, Belagadia Road, Baripada, Mayurbhanj, Odisha, 757001",10:00 AM to 10:00 PM,"21.926689,86.7273677",09308047331
 V-Mart ," Birhata, Sripally, GT Road, Opposite Andhra bank, Perbirhata, Burdwan, West Bengal, 713103",11:00 AM to 10:00 PM,"23.231975,87.8639011",08882372096
 V-Mart ," Birhata, Gt Road, Galsi - I, Bardhaman, West Bengal, 713103",10:00 AM to 10:00 PM,"23.2319728,87.8639011",09332936235
 V-Mart ," Amarnath Talkies, Dakhinakali Road, Dhenkanal, Dhenkanal, Odisha, 759001",10:00 AM to 10:00 PM,"20.6565816,85.5885484",06762225042
 V-Mart ," Ward No 16 Malancha Road, School, Opposite Atulmoni Polytechnic High, Kharagpur, West Midnapore, West Bengal, 721301",10:00 AM to 10:00 PM,"22.3445083,87.2923888",07290036208
 V-Mart ," No 122, Keshab Road, Khagrabari, Cooch Behar, West Bengal, 736101",10:00 AM to 10:00 PM,"26.331186,89.446093",09333759291
 V-Mart ," Plot No 1010,1032 And 1046, Paschim Krishnapur, Arambag, Hooghly, West Bengal, 712601",10:00 AM to 10:00 PM,"22.882647,87.78882",08130420323
 V-Mart ," Plot No 6/8/1, Rangareddy, Chandanagar, Tirumalagiri, Hyderabad, Telangana, 500050",11:00 AM to 10:00 PM,"17.4955965,78.3414687",09289062251
 V-Mart ," Unit No 205, 2Nd Floor, The Forum Sujana Mall, Kukatpally, Tirumalagiri, Hyderabad, Telangana, 500072",11:00 AM to 10:00 PM,"17.484111,78.413111",09289062255
 V-Mart ," Plot No 27, Ec Ec Hsc Ltd, Kapra, Rao Nagar, Hyderabad, Telangana, 501301",11:00 AM to 10:30 PM,"17.4836542,78.5468779",09289062254
 V-Mart ," No 111/112, Gf, Sarath City Capital Mall, Gachibowli Miyapur Road, Kothaguda, Hyderabad, Telangana, 500084",11:00 AM to 10:00 PM,"17.457801,78.363793",09289062245
 V-Mart ," Shop No 116, Ground And 1St Floor, Park Lane Hotel, Parklane, Secunderabad, Hyderabad, Telangana, 500003",11:00 AM to 10:00 PM,"17.441711,78.489911",09289062247
 V-Mart ," Municipal No 1/2/1/1, Main Road, Habsiguda, Secunderabad, Hyderabad, Telangana, 500007",11:00 AM to 10:00 PM,"17.417611,78.542711",09289062250
 V-Mart ," Shop No 1/1/186/1, Main Road, Chikkadpally, Opposite Pista House, Musheerabad, Hyderabad, Telangana, 500020",11:00 AM to 10:00 PM,"17.4057198,78.4955305",09289062249
 V-Mart ," Shop No 4/3/143/3, Attapur, Opposite Pillar No 123, Rajendar Nagar, Hyderabad, Telangana, 500048",11:00 AM to 10:00 PM,"17.3641007,78.427935",09289062253
 V-Mart ," Sai Jagarnath Market Complex, Ot Road Chhapulla, Samaraipur, Bhadrak, Odisha, 756100",10:00 AM to 10:00 PM,"21.05718,86.4960146",08010676498
 V-Mart ," Plot No A2, Green Park Nagar Colony, Karmanghat, Sagar Road, Santosh Nagar, Hyderabad, Telangana, 500079",11:00 AM to 10:00 PM,"17.3454196,78.5259308",09289062246
 V-Mart ," 1 To 4, Part 5, 10 To 11, Ntr Nagar Col, Lb Nagar Circle, Opposite Metro Pillar No 1641, Dilsukhnagar, Hyderabad, Telangana, 500060",11:00 AM to 10:00 PM,"17.341611,78.504711",09289062248
 V-Mart ," Ground Floor, Link Road, Bishram Nagar, Badambadi Colony, Cuttack, Odisha, 753012",10:00 AM to 10:00 PM,"20.4521803,85.8917137",07289007480
 V-Mart ," Maruti Mall, KIIT Square, Nandankannan Road, Patia, Bhubaneswar, Odisha, 751024",11:00 AM to 10:00 PM,"20.35390653,85.82686729",09289662265
 V-Mart ," Shop No 197, Survey No 120, New Survey No 804, Geetanagar, Malkajgiri, Hyderabad, Telangana, 500047",11:00 AM to 10:00 PM,"17.275411,78.310361",09289062252
 V-Mart ," Plot No 20, Dl Roy Road, Pallysree Krishna Nagar, Krishna Nagar, Nadia, West Bengal, 741101",10:00 AM to 10:00 PM,"23.396925,88.491187",08448480722
 V-Mart ," 9/1, Rn Tagore Road, Shantipur, Opposite Bhadrakalitala, Santipur, Nadia, West Bengal, 741404",10:00 AM to 10:00 PM,"23.258225,88.43637",08130420073
 V-Mart ," Mechada Road, Purba Medinipur, Maniktala, Opposite Sp Office, Tamluk, East Midnapore, West Bengal, 721636",10:00 AM to 10:00 PM,"22.3027028,87.9113006",09319697761
 V-Mart ," Plot No 15 And 24, Gt Road, Bandel, Hooghly, West Bengal, 712123",10:00 AM to 10:00 PM,"22.921005,88.385433",09319697760
 V-Mart ," Plot No 630, Anand Plaza, Main Road, Hanuman Bazar, Brahmapur Sadar, Ganjam, Odisha, 760002",10:00 AM to 10:00 PM,"19.330429,84.766692",09337233774
 V-Mart ," Ground Floor, Annapurna Market, Urban Bank Road, Brahmapur Sadar, Ganjam, Odisha, 760001",10:00 AM to 10:00 PM,"19.3131162,84.7876369",07290036211
 V-Mart ," H No 1/8/592 & 593, Hanamkonda, Nakkalagutta Main Road, Opposite Apnpdcl, Sangyam, Warangal, Telangana, 506001",11:00 AM to 10:00 PM,"17.028911,78.302511",09289062243
 V-Mart ," Ward No 9, Gtb Road, Bidyapara, Dhubri, Assam, 783301",10:00 AM to 10:00 PM,"26.024297,89.982862",07303182534
 V-Mart ," Heaven Garden, Indra Gandhi Road, Konnagar, Hooghly, West Bengal, 712235",11:00 AM to 10:00 PM,"22.701993,88.345146",09599298109
 V-Mart ," Bandhan Banquet, Hindmotor, Gt Road, Ghospara, Uttarpara, Hooghly, West Bengal, 712233",10:00 AM to 10:00 PM,"22.683027,88.347774",07042989922
 V-Mart ," Heaven Garden, Indra Gandhi Road, Konnagar, Hooghly, West Bengal, 712235",11:00 AM to 10:00 PM,"22.701993,88.345146",09599298109
 V-Mart ," Bandhan Banquet, Hindmotor, Gt Road, Ghospara, Uttarpara, Hooghly, West Bengal, 712233",10:00 AM to 10:06 PM,"22.683027,88.347774",07042989922
 V-Mart ," Bandhan Banquet, Hindmotor, GT Road, Ghospara, Ghospara, Uttarpara, West Bengal, 712233",10:00 AM to 10:00 PM,"22.68388641,88.35408593",07042989922
 V-Mart ," Plot No 235/1 & 258/1, Wyra Road, Survey No 94, Indra Nagar, Kaviraj Nagar, Khammam, Telangana, 507002",11:00 AM to 10:00 PM,"17.2489705,80.1669815",09289062320
 V-Mart ," Shop No 7, Metropolitan Building, Jawahar Lal Nehru Road, Near Esplanade Bus Stand, Esplanade, Kolkata, West Bengal, 700013",11:00 AM to 10:00 PM,"22.5635491,88.3519135",09560622886
 V-Mart ," 65/6, Jessore Road N, Sethpukhar, Sethpukhar, Barasat, West Bengal, 700124",10:00 AM to 10:00 PM,"22.715939,88.483142",07428495283
 V-Mart ," Amtala Bazar, Nibarandutta Road, Borhanpur village, Amtala, Kolkata, West Bengal, 743503",11:00 AM to 10:00 PM,"22.368993,88.27055",09667300374
 V-Mart ," Patil Planet, Bm Patil Road, Near Bld Hospital, Banjara Nagar, Bijapur, Karnataka, 586101",11:00 AM to 09:30 PM,"16.850386,75.712196",09289062295
 V-Mart ," 1St Floor, Sfc Mega Mall, Station Road, Khanbhag, Sangli, Maharashtra, 416416",11:00 AM to 10:00 PM,"16.8604762,74.5699447",09289062278
 V-Mart ," Bank Colony, Main Road, Narsipatnam, Visakhapatnam, Andhra Pradesh, 531116",11:00 AM to 10:00 PM,"17.662204,82.620501",09717966511
 V-Mart ," Door No 48/14/92/1 And 93, Gnt Road, Cmr Road, Rama Talkies Junction, Peda Madina, Visakhapatnam, Andhra Pradesh, 530013",11:00 AM to 10:00 PM,"17.737511,82.834711",09289062315
 Unlimited Fashion Store ," Ramnagar Colony, Kothakota Rd, Wanaparthy, Mahabubnagar, Telangana, 509103",10:30 AM to 09:00 PM,"16.3655968,78.0562448",09810547083
 V-Mart ," Door No 79/1/1, Rs No 288/1, Jn Road, Mallina Nagar, Rajahmundry, East Godavari, Andhra Pradesh, 533103",11:00 AM to 10:00 PM,"16.972893,81.833365",09289062312
 V-Mart ," Plot No 453/1, 433/9A1 And 451, Pathebad Road, Block No 14, Ramachandra Rao Pet, Opposite Sweet Magic, Eluru, West Godavari, Andhra Pradesh, 534002",11:00 AM to 10:00 PM,"16.718211,81.119511",09289062310
 V-Mart ," Ground Floor, Barpeta Howly Road, Near Niric Hospital, Sonkuchi, Barpeta, Assam, 781301",11:00 AM to 10:00 PM,"26.335186,91.001526",09717122998
 V-Mart ," Shop No 40/1/44, Ground 1St And 2Nd Floor, Msr Plaza, Mg Road, Vijayawada, Krishna, Andhra Pradesh, 520010",11:00 AM to 10:00 PM,"16.515099,80.632095",09289062311
 V-Mart ," Door No 21/1/1, Lgf To 2Nd Floor, Pydah Plaza, Solipeta, Opposite Appolo Hospital, Kakinada, East Godavari, Andhra Pradesh, 533001",11:00 AM to 10:00 PM,"16.948249,82.252896",09289062309
 V-Mart ," Door No 5/87/126, New Ward No 4, Lakshmipuram Main Road, Brodipet, Guntur, Andhra Pradesh, 522007",11:00 AM to 10:00 PM,"16.306711,80.436111",09289062314
 V-Mart ," Sai Heights, Salipet, Revenue Ward No 10, Bose Road, Tenali, Guntur, Andhra Pradesh, 522201",11:00 AM to 10:00 PM,"16.23704,80.64972",08800304829
 V-Mart ," Dag No 1260/1869, Baro Masjid Chowk, Hajo Road, Islamsupa, Nalbari, Assam, 781335",10:00 AM to 10:00 PM,"26.445202,91.438759",07042313004
 V-Mart ," Bhutan Road, Public Bus Stand, Rangia, Kamrup, Assam, 781354",11:00 AM to 10:00 PM,"26.43983,91.623081",09971143002
 V-Mart ," Sualkuchi, Bangshar, Near HDFC Bank, Hajo Block, Kamrup, Assam, 781103",11:00 AM to 10:00 PM,"26.16895274,91.57074589",08800192274
 V-Mart ," Ward No 48, Civil Hospital Road, Ayodhya Nagar, Belgaum, Karnataka, 590001",11:00 AM to 10:00 PM,"15.873478,74.512665",09289062283
 V-Mart ," Lokhra Rd, Lutuma, Barsapara, Binowa Nagar, Kala Pahar, Guwhati, Assam, 781018",10:00 AM to 10:00 PM,"26.14933,91.7409699",08448480727
 V-Mart ," Ground Floor, Rg Baruah Road, Zoo Tiniali, Near Guwahati Commerce College, Gmc, Guwahati, Assam, 781003",10:00 AM to 10:00 PM,"26.177558,91.7759429",08824015878
 V-Mart ," Ward No 4, Mahatma Gandhi Road, Hat Khola, Udalguri, Darrang, Assam, 784509",10:00 AM to 10:00 PM,"26.7359457,92.0918026",08448854930
 V-Mart ," Ward No 7, Panbari Road, NH 15, Kharupetia, Opposite Union Bank Atm, Thekerabari, Darrang, Assam, 784115",10:00 AM to 10:00 PM,"26.5157657,92.1419955",07303585362
 V-Mart ," Ground Floor, Tezpur Road, Opposite Indian Oil Petrol Pump, Dhekiajuli, Sonitpur, Assam, 784110",11:00 AM to 10:00 PM,"26.703433,92.4768798",09289662259
 V-Mart ," Silchar Road Ladthadlaboh, Opposite PWD Office, Jowai, West Jaintia Hills, Meghalaya, 793150",10:00 AM to 10:00 PM,"25.4502269,92.1968349",08130420225
 V-Mart ," Ground Floor, Assam Trunk Road, Kalibari, Panigaon, Nagaon, Assam, 782001",10:00 AM to 10:00 PM,"26.3535626,92.6999379",08448480726
 V-Mart ," Station Road, Rajbari, Dharmanagar, Baruakandi, North Tripura, Tripura, 799253",11:00 AM to 10:00 PM,"24.373975,92.165191",09810890346
 V-Mart ," Shop No 56-5B1-5B4 AVK College Road, PJ Extn, Prince Jayachamaraja Wodeyar, Davanagere, Karnataka, 577002",10:00 AM to 10:00 PM,"14.463185,75.917753",09289062294
 V-Mart ," D No 3993/23, Ss Gardenia, Ss Layout, A Block, Shamanur Road, Near Lakshmi Flour Mill, Kuvempu Nagar, Davanagere, Karnataka, 577004",11:00 AM to 10:00 PM,"14.455295,75.905862",09289062289
 V-Mart ," Door No 39/615/2/3, 615/3 To 615/9, Syndicate No 871, China Chowk, Rtc Bus Stand, Opposite KFC, Aravinda Nagar, Kadapa, Andhra Pradesh, 516003",11:00 AM to 10:00 PM,"14.477511,78.823531",08562279600
 V-Mart ," Bg Road, Biswanath Chariali, Sonitpur, Assam, 784176",10:00 AM to 10:00 PM,"26.742602,93.1496365",09319697762
 V-Mart ," Door No 26/1/1920, Plot No 1 And 2, 1St Floor, Syndicate No 669/2, Mini Bypass Road, Gomathi Nagar, Nellore, Andhra Pradesh, 524003",11:00 AM to 10:00 PM,"14.442599,79.986458",09289062308
 V-Mart ," Bagang Shopping Complex, R&G Near Akash Deep, Main Bazar Road, Near Sbi, Itanagar, Papum Pare, Arunachal Pradesh, 791111",10:00 AM to 10:00 PM,"27.089542,93.615606",07428495285
 V-Mart ," S No 227/1, Old S No 227, Ward No 19, Air Bypass Road, Tirupati, Chittoor, Andhra Pradesh, 517501",11:00 AM to 10:00 PM,"13.628756,79.419182",09289062313
 V-Mart ," Mouza No 2, Assam Truck Road, Near Eleye Cinema Hall, Gar-Ali, Jorhat, Assam, 785001",10:00 AM to 10:00 PM,"26.7563498,94.2157128",08448480728
 V-Mart ," Shop No 31 To 33, Muddappa Arcade, 2Nd Cross, Bh Road, Vidyanagar, Tumkur, Karnataka, 572103",11:00 AM to 10:00 PM,"13.334995,77.123022",09289062292
 V-Mart ," Ward No 3 Colony, North Block, Opposite Jain Temple, Keziekle, Kohima, Nagaland, 797001",10:00 AM to 10:00 PM,"25.678502,94.1098958",07428389504
 V-Mart ," Unit No Ff1 To Ff6, 1St Flr, Canara Mall, Shivalli, Opposite Manipal Hospital, Manipal, Udupi, Karnataka, 576104",11:00 AM to 10:00 PM,"13.352654,74.790291",09289062298
 V-Mart ," Ground Floor, Boarding Road, Near Post Office, Dolmukh Chariali, Sivasagar, Assam, 785640",11:00 AM to 10:00 PM,"26.98378785,94.63391386",09289662260
 V-Mart ," Plot No 587, Basement To 3Rd Floor, Vidyaranyapura Main Road, Vidyaranyapura, Bengaluru North, Bengaluru, Karnataka, 560097",09:30 AM to 09:30 PM,"13.0808372,77.5595022",09289062297
 V-Mart ," Shop No 41 And 42, Kodigehalli, Yelahanka Hobli, Sahakara Nagar, Bengaluru North, Bengaluru, Karnataka, 560092",11:00 AM to 10:00 PM,"13.063231,77.591975",09289062303
 V-Mart ," Shop No 23, Devaraja Arcade, Iti Layout, Bel Road, Next To Nandhana Palace, Bengaluru North, Bengaluru, Karnataka, 560054",11:00 AM to 10:00 PM,"13.03295,77.5692464",08041495222
 V-Mart ," No 9/36, Vaishnavi Sapphire Mall, Tumkur Road, Yashwantapur, Bengaluru, Karnataka, 560022",11:00 AM to 10:00 PM,"13.024466,77.548771",09289062300
 V-Mart ," 417/A, Hrbr 3Rd Block, Kammanahalli, Kacharakanahalli, Banaswadi, Next To ICICI Bank, Kalyan Nagar, Bengaluru, Karnataka, 560043",10:30 AM to 09:30 PM,"13.024966,77.636864",09289062285
 V-Mart ," Shop No 308/5C, East Of Ngef Layout, Main Road, Banaswadi, Ramamurthy Nagar, Next To Tarun Motors, Bengaluru North, Bengaluru, Karnataka, 560016",11:00 AM to 10:00 PM,"13.012221,77.665948",09289062304
 V-Mart ," Plot No 721, Modi Hospital Road, 2Nd Stage, West Of Chord Road, Basaveshwara Nagar, Opposite Kadamba Hotel, Bengaluru North, Bengaluru, Karnataka, 560086",11:00 AM to 10:00 PM,"12.997311,77.547843",09289062290
 V-Mart ," 01/11, 1St Flr, Ascendas Park Sqre Mall, Whitefield Road, Pattandur Agrahara, Whitefield, Bengaluru, Karnataka, 560066",11:00 AM to 10:00 PM,"12.986925,77.736634",09289062288
 V-Mart ," No 82/1/510, Wn 82, New Municipal No 510, Binnamangala 1St Stage, Near Puma Building, Hoysala Nagar, Bengaluru, Karnataka, 560038",11:00 AM to 10:00 PM,"12.978266,77.643632",09289062286
 V-Mart ," Shop No 92, 12 To 16, Ugf, Gt Mall, Magadi Main Road, Next To Prasanna Theatre, Bengaluru North, Bengaluru, Karnataka, 560023",11:00 AM to 10:00 PM,"12.973693,77.551804",09289062284
 V-Mart ," Mittal Plaza, Babulal Poddar Path, Jhalukpara, Dibrugarh, Assam, 786001",10:00 AM to 10:00 PM,"27.4819338,94.9056072",09667790298
 V-Mart ," Plot No 857, Ground And 1St Floor, Cl Arcade, 80 Feet Road, Vinayaka Layout, Nagarbhavi, Bengaluru North, Bengaluru, Karnataka, 560072",11:00 AM to 10:00 PM,"12.960966,77.507281",09289062296
 V-Mart ," Shop No 62, Forum Value Mall, Prestige Ozone, Near Varthur Kodhi, Whitefield, Bengaluru, Karnataka, 560066",10:00 AM to 10:00 PM,"12.959719,77.747917",09289062293
 V-Mart ," No 1099, Ground To 3Rd Floor, 13 Road Main, Sector 3, Hsr Layout, Bengaluru, Karnataka, 560102",10:30 AM to 09:30 PM,"12.9110603,77.6380315",09289062287
 V-Mart ," Pn 25 & 28, Srinagar Colony, Blk No 3, Purasawalkkam, Redhills Road, Kolathur, Villivakkam, Tiruvallur, Tamil Nadu, 600099",10:30 AM to 10:00 PM,"13.1275311,80.2176672",09289062261
 V-Mart ," No 11, New Katpadi Road, Suthanthira Ponvizha Nagar, Venkatraman Nagar, Near Green Circle, Thottapalayam, Vellore, Tamil Nadu, 632006",11:00 AM to 10:00 PM,"12.956055,79.136991",09289062264
 V-Mart ," Plot No 1/Pc1, West Bus Stand, West 2 Block, Near Dr Super Market, Mogappair, Tiruvallur, Tamil Nadu, 600037",10:30 AM to 09:30 PM,"13.081563,80.165813",09289062272
 V-Mart ," Unit No S43, 2Nd Floor, Vr Mall, Jawaharlal Nehru Road, Anna Nagar, Chennai, Tamil Nadu, 600040",10:00 AM to 10:00 PM,"13.0810986,80.1953054",09289062273
 V-Mart ," Shop No 11, New Katpadi Road, Thottapalayam, Vellore, Tamil Nadu, 632004",10:00 AM to 10:00 PM,"12.93242,79.137434",09289062271
 V-Mart ," Shop No 1, Big Megamart, Arcot Road, Alwarthirunagar, Valasaravakkam, Tiruvallur, Tamil Nadu, 600087",11:00 AM to 10:00 PM,"13.044385,80.185851",09289062275
 V-Mart ," Shop No 751/1, Bagalur Road, Next Big Bazaar, Hosur, Krishnagiri, Tamil Nadu, 635109",10:00 AM to 10:00 PM,"12.7411108,77.8326345",09289062276
 V-Mart ," Ts No 412/7A And 412, Service Road, Esi Hospital, Pallavapuram, Chennai, Tamil Nadu, 600044",11:00 AM to 10:00 PM,"12.958225,80.144546",09289062274
 V-Mart ," No 339/1, 340A/1/1B1, Spectra Blk B, Old Mahabalipuram Road, Thoraipakkam, Okkiam, Chennai, Tamil Nadu, 600097",11:00 AM to 10:00 PM,"12.928963,80.231563",09289062260
 V-Mart ," Erikari Road, Bangalore Road, Santhi Nagar, Krishnagiri, Tamil Nadu, 635001",10:00 AM to 10:00 PM,"12.5267521,78.2136332",08800192731
 V-Mart ," Shop No 01, 2Nd Floor, Mall Of Mysore, Mg Road, Indira Nagar Extension, Near Zoo, Nazarabad, Mysore, Karnataka, 570010",10:30 AM to 09:30 PM,"12.2979261,76.6646234",09289062302
 V-Mart ," Ts No 4 , Arvind Lifestyle Brands Ltd, Ward G, Block No 9, Kamaraj Salai, Ilango Nagar, Puducherry, Puducherry, 605001",11:00 AM to 10:00 PM,"11.937286,79.823166",09289062241
 Unlimited Fashion Store ," Shop No 43/642, Abhi Dhana Tower, Narangapuram Juma Masjid, Thalassery Bus Stand, Thalassery, Kannur, kerala, 670102",10:30 AM to 09:00 PM,"11.748306,75.493889",09599298110
 V-Mart ," Door No 180/1 To 4, Old No Sf No 58/1B/2, New Bus Stand Main Road, Opposite Arrs Multiplex Theaters, Meyyanur, Salem, Tamil Nadu, 636004",11:00 AM to 10:00 PM,"11.667661,78.133622",09289062266
 Unlimited Fashion Store ," Supavi Complex, Kumbakonam-Chennai National Highway, Opposite NLCIL Archgate, Neyveli, Cuddalore, Tamil Nadu, 607308",10:30 AM to 09:30 PM,"11.6197564,79.5496839",08800723284
 V-Mart ," KMK Nagar, Teachers Colony, Kumalan Kuttai, Perundurai Road, Near KVB Bank, Palayapalayam, Erode, Tamil Nadu, 638011",11:00 AM to 10:00 PM,"11.333588,77.704435",09289062293
 V-Mart ," Trichy Main Road, Sungu Pettai, Perambalur, Tamil Nadu, 621212",10:00 AM to 10:00 PM,"11.234943,78.876808",09717966488
 Unlimited Fashion Store ," Mettupalayam Road, VKL Nagar, Thudiyalur, Coimbatore, Tamil Nadu, 641034",11:00 AM to 10:00 PM,"11.071633,76.941993",09810448621
 V-Mart ," Bearing No F19, 1St Floor, Prozone Mall, Saravanapatti, Coimbatore, Tamil Nadu, 641035",11:00 AM to 10:00 PM,"11.055264,76.993527",09289062257
 V-Mart ," Sn 4 & 5, Sf No 474, Fun Republic Mall, Sowripalayam, Avinashi Road, Opposite Police Station, Peelamedu, Coimbatore, Tamil Nadu, 641004",11:00 AM to 10:00 PM,"11.024311,77.010591",09289062256
 V-Mart ," No 733 & 734, President Hall, Gd Naidu Charities, Avanashi Road, Race Course, Coimbatore, Tamil Nadu, 641018",10:00 AM to 10:00 PM,"11.007267,76.9782491",09289062259
 V-Mart ," Unit No C14, Main Road, 3Road Cross, Av Arcade, Opposite Rph Hospital, Thillai Nagar, Tiruchirappalli, Tamil Nadu, 620017",11:00 AM to 10:00 PM,"10.8253994,78.6832609",09289062263
 V-Mart ," Plot No 1731 To 1734, Trichy Road, Ramanathapuram, Tiruchirappalli, Tamil Nadu, 620001",11:00 AM to 10:00 PM,"10.799081,78.686398",09289062258
 V-Mart ," Shop No 41/2 and 41/3, Mc Donalds Road, Cantonment, Near Rc School, Sangillyandapuram, Tiruchirappalli, Tamil Nadu, 620001",10:00 AM to 10:00 PM,"10.799081,78.686398",09289062268
 V-Mart ," Shop No 1, Pudhukottai Main Road, Next To Bombay Street, Rr Nagar, Thanjavur, Tamil Nadu, 613005",10:00 AM to 09:00 PM,"10.7486544,79.1168523",09289062269
 V-Mart ," D No 8/9 A1, Chembukavu, Opposite Marthoma Church East Fort Jn, Keerankulangara, Thrissur, Kerala, 680001",11:00 AM to 10:00 PM,"10.523691,76.225791",09289062282
 V-Mart ," No 38, Basement & Ground Floor, Palani Road, New Agraharam, Begambur, Dindigul, Tamil Nadu, 624001",11:00 AM to 10:00 PM,"10.365976,77.975899",09289062262
 V-Mart ," Door No 81 And 81A, Room No 78/3A, Bypass Road, Next Rathna Hospital, Ponmeni, Madurai, Tamil Nadu, 625010",11:00 AM to 10:00 PM,"9.923671,78.093678",09289062267
 V-Mart ," Ts Ward, Au Block, Thiruvanathapuram Road, Near New Bustand, Kulavanigarpuram, Tirunelveli, Tamil Nadu, 627007",11:00 AM to 10:00 PM,"8.6983231,77.727248",09289062265
 V-Mart ," No 253/3, Basement, Ground & 1St Floor, Kp Road, Weavers Colony, Nagercoil, Tamil Nadu, 629001",10:00 AM to 09:30 PM,"8.1817369,77.4129877",09289062270
